class,uid,assigned_type,assigned_key,call_offset,UID,DRIVER,NUMBER,TEAM,Livery,Pin,InteriorConfig,DriverImages,Selectable,AIDriverProfile,Series,BaseArcName,LastWonSprintCup
DRIVERCONFIG_c,2407,,2407,0x168E2,2407,"DRIVER_c(2382, S_DRIVER_CUSTOM_CHEVROLET, None, True, S_HT_PHOENIX, 129762588, True, , 129106177, False, False)","DRIVERNUMBER_c(2443, W:\nas2\Hud\NEW\numbers\53-CHEVROLET_01.tga, 35_CUSTOMCHEVROLET)","RACETEAM_c(2403, S_TEAM_CUSTOM_CHEVROLET, None, )",None,"DRIVERPIN_c(4232, S_MANU_CHEVROLET, CHEVROLET)","DRIVERINTERIORCONFIG_c(2381, 1, None, None)",DRIVERPORTRAIT_c(7481),False,AIRACEDRIVERPROFILE_c(3228),"RACESERIES_c(6955, S_SERIES_SPRINT_CUP, 6956, IMGSPRINTCUP2011.ARC, [], [], 2011, True, None)",CUSTOMCHEVROLET,129106177
DRIVERCONFIG_c,2408,,2408,0x16915,2408,"DRIVER_c(2383, S_DRIVER_CUSTOM_DODGE, None, True, S_HT_PHOENIX, 129762588, True, , 129106177, False, False)","DRIVERNUMBER_c(2444, W:\nas2\Hud\NEW\numbers\50-DODGE.tga, 50_CUSTOMDODGE)","RACETEAM_c(2404, S_TEAM_CUSTOM_DODGE, None, )",None,"DRIVERPIN_c(4233, S_MANU_DODGE, DODGE)","DRIVERINTERIORCONFIG_c(2381, 1, None, None)",DRIVERPORTRAIT_c(7482),False,AIRACEDRIVERPROFILE_c(3228),"RACESERIES_c(6955, S_SERIES_SPRINT_CUP, 6956, IMGSPRINTCUP2011.ARC, [], [], 2011, True, None)",CUSTOMDODGE,129106177
DRIVERCONFIG_c,2409,,2409,0x16948,2409,"DRIVER_c(2384, S_DRIVER_CUSTOM_FORD, None, True, S_HT_PHOENIX, 130090268, True, , 129106177, False, False)","DRIVERNUMBER_c(2445, W:\nas2\Hud\NEW\numbers\62-FORD.tga, 62_CUSTOMFORD)","RACETEAM_c(2405, S_TEAM_CUSTOM_FORD, None, )",None,"DRIVERPIN_c(4234, S_MANU_FORD, FORD)","DRIVERINTERIORCONFIG_c(2381, 1, None, None)",DRIVERPORTRAIT_c(7483),False,AIRACEDRIVERPROFILE_c(3228),"RACESERIES_c(6955, S_SERIES_SPRINT_CUP, 6956, IMGSPRINTCUP2011.ARC, [], [], 2011, True, None)",CUSTOMFORD,129106177
DRIVERCONFIG_c,2410,,2410,0x1697B,2410,"DRIVER_c(2385, S_DRIVER_CUSTOM_TOYOTA, None, True, S_HT_PHOENIX, 129762588, True, , 129106177, False, False)","DRIVERNUMBER_c(2446, W:\nas2\Hud\NEW\numbers\76-TOYOTA.tga, 76_CUSTOMTOYOTA)","RACETEAM_c(2406, S_TEAM_CUSTOM_TOYOTA, None, )",None,"DRIVERPIN_c(4235, S_MANU_TOYOTA, TOYOTA)","DRIVERINTERIORCONFIG_c(2381, 1, None, None)",DRIVERPORTRAIT_c(7484),False,AIRACEDRIVERPROFILE_c(3228),"RACESERIES_c(6955, S_SERIES_SPRINT_CUP, 6956, IMGSPRINTCUP2011.ARC, [], [], 2011, True, None)",CUSTOMTOYOTA,129106177
DRIVERCONFIG_c,2492,,2492,0x169AE,2492,"DRIVER_c(2491, S_DEFAULT_PLAYER_NAME, None, True, S_HT_PHOENIX, 129762588, True, , 129106177, False, False)","DRIVERNUMBER_c(2493, W:\nas2\Hud\NEW\numbers\53-CHEVROLET_01.tga, 35_CUSTOMGENERIC)","RACETEAM_c(2495, S_DEFAULT_TEAM_NAME, None, )","LIVERIE_c(12602, TELEMETRYCHEVROLET, BaseColour_c(0, 0, 180), S_LIV_PRIMARY, None, False, False, None, 0, None, False, None, False, 0)","DRIVERPIN_c(4232, S_MANU_CHEVROLET, CHEVROLET)","DRIVERINTERIORCONFIG_c(2381, 1, None, None)",DRIVERPORTRAIT_c(7485),True,AIRACEDRIVERPROFILE_c(3228),"RACESERIES_c(9670, S_SERIES_SPRINT_CUP, 9671, IMGSPRINTCUP2012.ARC, [], [], 2012, True, None)",CUSTOMGENERIC,129106177
DRIVERCONFIG_c,6411,,6411,0x169E1,6411,None,None,None,None,"DRIVERPIN_c(4234, S_MANU_FORD, FORD)",None,None,False,AIRACEDRIVERPROFILE_c(3228),"RACESERIES_c(6955, S_SERIES_SPRINT_CUP, 6956, IMGSPRINTCUP2011.ARC, [], [], 2011, True, None)",HALLOFFAME,129106177
DRIVERCONFIG_c,6412,,6412,0x16A14,6412,None,None,None,None,"DRIVERPIN_c(1733, S_XG_COUNTRY_USA, USA)",None,None,False,AIRACEDRIVERPROFILE_c(3228),"RACESERIES_c(6955, S_SERIES_SPRINT_CUP, 6956, IMGSPRINTCUP2011.ARC, [], [], 2011, True, None)",NASCARDOTCOM,129106177
DRIVERCONFIG_c,7743,,7743,0x16A47,7743,None,None,None,None,"DRIVERPIN_c(1733, S_XG_COUNTRY_USA, USA)",None,None,False,AIRACEDRIVERPROFILE_c(3228),"RACESERIES_c(9670, S_SERIES_SPRINT_CUP, 9671, IMGSPRINTCUP2012.ARC, [], [], 2012, True, None)",ROUSHYATES,129106177
DRIVERCONFIG_c,9621,,9621,0x16A7A,9621,"DRIVER_c(1115, S_DRIVER_B_KESELOWSKI, None, False, S_HT_ROCHESTERHILLS, 130023948, True, keselowski, 131793153, True, False)","DRIVERNUMBER_c(9691, W:\NAS2\Hud\2012\numbers\2_Keselowski.tga, 2_BRADKESELOWSKI)","RACETEAM_c(1336, S_TEAM_PR_01, None, penskeracing)","LIVERIE_c(7087, BRADKESELOWSKI, BaseColour_c(0, 0, 0), S_SCHEME_BLUEDEUCE, None, False, False, None, 0, None, False, None, False, 0)","DRIVERPIN_c(1733, S_XG_COUNTRY_USA, USA)","DRIVERINTERIORCONFIG_c(12423, 1, None, None)",DRIVERPORTRAIT_c(7415),True,AIRACEDRIVERPROFILE_c(3237),"RACESERIES_c(9670, S_SERIES_SPRINT_CUP, 9671, IMGSPRINTCUP2012.ARC, [], [], 2012, True, None)",2012_KESELOWSKI,129106177
DRIVERCONFIG_c,9622,,9622,0x16AAD,9622,"DRIVER_c(5758, S_DRIVER_D_PATRICK, None, False, S_HT_BELOIT, 129893145, False, DanicaPatrick, 129106177, False, False)","DRIVERNUMBER_c(9705, W:\NAS2\Hud\2012\numbers\10_Patrick.tga, 10_DANICAPATRICK)","RACETEAM_c(1351, S_TEAM_SHR, None, StewartHaasRcng)","LIVERIE_c(7091, DANICAPATRICK, BaseColour_c(13, 255, 73), S_SCHEME_DARLINGTON, None, False, False, None, 0, None, False, None, False, 0)","DRIVERPIN_c(1733, S_XG_COUNTRY_USA, USA)","DRIVERINTERIORCONFIG_c(12425, 1, None, None)",DRIVERPORTRAIT_c(7407),True,AIRACEDRIVERPROFILE_c(6922),"RACESERIES_c(9670, S_SERIES_SPRINT_CUP, 9671, IMGSPRINTCUP2012.ARC, [], [], 2012, True, None)",2012_PATRICK,129106177
DRIVERCONFIG_c,9623,,9623,0x16AE0,9623,"DRIVER_c(1101, S_DRIVER_C_EDWARDS, None, False, S_HT_COLUMBIA, 129697807, True, , 131793153, True, False)","DRIVERNUMBER_c(9701, W:\NAS2\Hud\2012\numbers\99_Edwards.tga, 99_CARLEDWARDS)","RACETEAM_c(1331, S_TEAM_RFR, None, roushfenway)","LIVERIE_c(7089, CARLEDWARDS, BaseColour_c(0, 0, 0), S_SCHEME_DAYTONA, None, False, False, None, 0, None, False, None, False, 0)","DRIVERPIN_c(1733, S_XG_COUNTRY_USA, USA)","DRIVERINTERIORCONFIG_c(2655, 1, None, None)",DRIVERPORTRAIT_c(7411),True,AIRACEDRIVERPROFILE_c(3267),"RACESERIES_c(9670, S_SERIES_SPRINT_CUP, 9671, IMGSPRINTCUP2012.ARC, [], [], 2012, True, None)",2012_EDWARDS,129106177
DRIVERCONFIG_c,9624,,9624,0x16B13,9624,"DRIVER_c(1138, S_DRIVER_M_TRUEX_JR, None, False, S_HT_MAYETTA, 129762845, True, MartinTruexJr56, 129106177, True, False)","DRIVERNUMBER_c(9688, W:\NAS2\Hud\2012\numbers\56_Truex_Jr.tga, 56_MARTINTRUEXJR)","RACETEAM_c(1354, S_TEAM_MWR, None, MWRteam)","LIVERIE_c(7121, MARTINTRUEXJR, BaseColour_c(0, 0, 179), S_SCHEME_DAYTONA, None, False, False, None, 0, None, False, None, False, 0)","DRIVERPIN_c(1733, S_XG_COUNTRY_USA, USA)","DRIVERINTERIORCONFIG_c(12419, 1, None, None)",DRIVERPORTRAIT_c(7387),True,AIRACEDRIVERPROFILE_c(3259),"RACESERIES_c(9670, S_SERIES_SPRINT_CUP, 9671, IMGSPRINTCUP2012.ARC, [], [], 2012, True, None)",2012_TRUEXMARTIN,129106177
DRIVERCONFIG_c,9625,,9625,0x16B46,9625,"DRIVER_c(6495, S_DRIVER_K_CONWAY, None, False, S_HT_CORNELIUS, 129696783, True, , 129106177, False, False)","DRIVERNUMBER_c(7293, W:\nas2\Hud\new\numbers_2011\97-CONWAY_01.tga, 97_CONWAY)","RACETEAM_c(10517, S_TEAM_JEFFWARDRACING, None, )",None,"DRIVERPIN_c(1733, S_XG_COUNTRY_USA, USA)","DRIVERINTERIORCONFIG_c(12419, 1, None, None)",DRIVERPORTRAIT_c(7395),False,AIRACEDRIVERPROFILE_c(3251),None,2012_CONWAY,129106177
DRIVERCONFIG_c,9626,,9626,0x16B79,9626,"DRIVER_c(1123, S_DRIVER_P_MENARD, None, False, S_HT_EAU_CLAIRE, 129763349, True, RCR27PMenard, 131793153, False, False)","DRIVERNUMBER_c(9696, W:\NAS2\Hud\2012\numbers\27_Menard.tga, 27_PAULMENARD)","RACETEAM_c(1333, S_TEAM_RCR, None, RCRracing)","LIVERIE_c(7124, PAULMENARD, BaseColour_c(185, 248, 99), S_SCHEME_RICHMOND, None, False, False, None, 0, None, False, None, False, 0)","DRIVERPIN_c(1733, S_XG_COUNTRY_USA, USA)","DRIVERINTERIORCONFIG_c(2674, 1, None, None)",DRIVERPORTRAIT_c(7385),True,AIRACEDRIVERPROFILE_c(3266),"RACESERIES_c(9670, S_SERIES_SPRINT_CUP, 9671, IMGSPRINTCUP2012.ARC, [], [], 2012, True, None)",2012_MENARD,129106177
DRIVERCONFIG_c,9627,,9627,0x16BAC,9627,"DRIVER_c(1117, S_DRIVER_J_LOGANO, None, False, S_HT_MIDDLETOWN, 130417944, True, joeylogano, 129106177, True, False)","DRIVERNUMBER_c(9683, W:\NAS2\Hud\2012\numbers\20_Logano.tga, 20_JOEYLOGANO)","RACETEAM_c(1335, S_TEAM_JGR, None, joegibbsracing)","LIVERIE_c(7109, JOEYLOGANO, BaseColour_c(255, 109, 0), S_SCHEME_DAYTONA, None, False, False, None, 0, None, False, None, False, 0)","DRIVERPIN_c(1733, S_XG_COUNTRY_USA, USA)","DRIVERINTERIORCONFIG_c(2675, 1, None, None)",DRIVERPORTRAIT_c(7398),True,AIRACEDRIVERPROFILE_c(3244),"RACESERIES_c(9670, S_SERIES_SPRINT_CUP, 9671, IMGSPRINTCUP2012.ARC, [], [], 2012, True, None)",2012_LOGANO,129106177
DRIVERCONFIG_c,9628,,9628,0x16BDF,9628,"DRIVER_c(1116, S_DRIVER_B_LABONTE, None, False, S_HT_C_CHRISTI, 128713992, True, Bobby_Labonte, 129106177, False, False)","DRIVERNUMBER_c(9685, W:\NAS2\Hud\2012\numbers\47_Labonte.tga, 47_BOBBYLABONTE)","RACETEAM_c(1326, S_TEAM_JTGDR, None, NASCAR47)","LIVERIE_c(7086, BOBBYLABONTE, BaseColour_c(217, 0, 0), S_SCHEME_VEGAS, None, False, False, None, 0, None, False, None, False, 0)","DRIVERPIN_c(1733, S_XG_COUNTRY_USA, USA)","DRIVERINTERIORCONFIG_c(12419, 1, None, None)",DRIVERPORTRAIT_c(7414),True,AIRACEDRIVERPROFILE_c(3375),"RACESERIES_c(9670, S_SERIES_SPRINT_CUP, 9671, IMGSPRINTCUP2012.ARC, [], [], 2012, True, None)",2012_LABONTEBOBBY,129106177
DRIVERCONFIG_c,9629,,9629,0x16C12,9629,"DRIVER_c(1107, S_DRIVER_D_HAMLIN, None, False, S_HT_CHESTERFIELD, 129764114, True, dennyhamlin, 131793153, False, True)","DRIVERNUMBER_c(9682, W:\NAS2\Hud\2012\numbers\11_Hamlin.tga, 11_DENNYHAMLIN)","RACETEAM_c(1335, S_TEAM_JGR, None, joegibbsracing)","LIVERIE_c(7096, DENNYHAMLIN, BaseColour_c(0, 0, 0), S_SCHEME_DAYTONA, None, False, False, None, 0, None, False, None, False, 0)","DRIVERPIN_c(1733, S_XG_COUNTRY_USA, USA)","DRIVERINTERIORCONFIG_c(2378, 1, None, None)",DRIVERPORTRAIT_c(7408),True,AIRACEDRIVERPROFILE_c(3236),"RACESERIES_c(9670, S_SERIES_SPRINT_CUP, 9671, IMGSPRINTCUP2012.ARC, [], [], 2012, True, None)",2012_HAMLIN,129106177
DRIVERCONFIG_c,9630,,9630,0x16C45,9630,"DRIVER_c(1127, S_DRIVER_R_NEWMAN, None, False, S_HT_SOUTH_BEND, 129567752, True, RyanNewman39, 131793153, True, False)","DRIVERNUMBER_c(9707, W:\NAS2\Hud\2012\numbers\39_Newman.tga, 39_RYANNEWMAN)","RACETEAM_c(1351, S_TEAM_SHR, None, StewartHaasRcng)","LIVERIE_c(7128, RYANNEWMAN, BaseColour_c(0, 0, 0), S_SCHEME_TEXAS, None, False, False, None, 0, None, False, None, False, 0)","DRIVERPIN_c(1733, S_XG_COUNTRY_USA, USA)","DRIVERINTERIORCONFIG_c(2658, 1, None, None)",DRIVERPORTRAIT_c(7383),True,AIRACEDRIVERPROFILE_c(3253),"RACESERIES_c(9670, S_SERIES_SPRINT_CUP, 9671, IMGSPRINTCUP2012.ARC, [], [], 2012, True, None)",2012_NEWMAN,129106177
DRIVERCONFIG_c,9631,,9631,0x16C78,9631,"DRIVER_c(1108, S_DRIVER_K_HARVICK, None, False, S_HT_BAKERSFIELD, 129436680, True, RCR29KHarvick, 131793153, False, True)","DRIVERNUMBER_c(9695, W:\NAS2\Hud\2012\numbers\29_Harvick.tga, 29_KEVINHARVICK)","RACETEAM_c(1333, S_TEAM_RCR, None, RCRracing)","LIVERIE_c(7113, KEVINHARVIC, BaseColour_c(255, 221, 0), S_SCHEME_PHOENIX, None, False, False, None, 0, None, False, None, False, 0)","DRIVERPIN_c(1733, S_XG_COUNTRY_USA, USA)","DRIVERINTERIORCONFIG_c(2674, 1, None, None)",DRIVERPORTRAIT_c(7394),True,AIRACEDRIVERPROFILE_c(3246),"RACESERIES_c(9670, S_SERIES_SPRINT_CUP, 9671, IMGSPRINTCUP2012.ARC, [], [], 2012, True, None)",2012_HARVICK,129106177
DRIVERCONFIG_c,9632,,9632,0x16CAB,9632,"DRIVER_c(1106, S_DRIVER_R_GORDON, None, False, S_HT_CORNELIUS, 129040642, True, RobbyGordon, 129106177, False, False)","DRIVERNUMBER_c(9700, W:\NAS2\Hud\2012\numbers\7_Gordon.tga, 7_ROBBYGORDON)","RACETEAM_c(7486, S_TEAM_RGM, None, )","LIVERIE_c(7125, ROBBIEGORDON, BaseColour_c(255, 103, 0), S_SCHEME_AUTOCLUB, None, False, False, None, 0, None, False, None, False, 0)","DRIVERPIN_c(1733, S_XG_COUNTRY_USA, USA)","DRIVERINTERIORCONFIG_c(12421, 1, None, None)",DRIVERPORTRAIT_c(7384),True,AIRACEDRIVERPROFILE_c(3234),"RACESERIES_c(9670, S_SERIES_SPRINT_CUP, 9671, IMGSPRINTCUP2012.ARC, [], [], 2012, True, None)",2012_GORDONROBBY,129106177
DRIVERCONFIG_c,9633,,9633,0x16CDE,9633,"DRIVER_c(1132, S_DRIVER_E_SADLER, None, False, S_HT_EMPORIA_VA, 129434654, True, , 129106177, False, False)","DRIVERNUMBER_c(9697, W:\NAS2\Hud\2012\numbers\0_placeholder.tga, 33_ELLIOTTSADLER)","RACETEAM_c(1333, S_TEAM_RCR, None, RCRracing)",None,"DRIVERPIN_c(1733, S_XG_COUNTRY_USA, USA)","DRIVERINTERIORCONFIG_c(12419, 1, None, None)",DRIVERPORTRAIT_c(7404),True,AIRACEDRIVERPROFILE_c(3243),None,2012_SADLER,129106177
DRIVERCONFIG_c,9634,,9634,0x16D11,9634,"DRIVER_c(1131, S_DRIVER_D_REUTIMANN, None, False, S_HT_ZEPHYRHILLS, 129106690, True, , 131727617, True, False)","DRIVERNUMBER_c(9706, W:\NAS2\Hud\2012\numbers\0_placeholder.tga, 10_DAVIDREUTIMANN)","RACETEAM_c(1347, S_TEAM_TBR, None, TBR_Racing)",None,"DRIVERPIN_c(1733, S_XG_COUNTRY_USA, USA)","DRIVERINTERIORCONFIG_c(12419, 1, None, None)",DRIVERPORTRAIT_c(7405),True,AIRACEDRIVERPROFILE_c(3229),None,2012_REUTIMANN,129106177
DRIVERCONFIG_c,9635,,9635,0x16D44,9635,"DRIVER_c(1111, S_DRIVER_J_JOHNSON, None, False, S_HT_EL_CAJON, 129435921, True, JimmieJohnson, 131793153, True, True)","DRIVERNUMBER_c(9678, W:\NAS2\Hud\2012\numbers\48_Johnson.tga, 48_JIMMYJOHNSON)","RACETEAM_c(1340, S_TEAM_HM, None, TeamHendrick)","LIVERIE_c(7136, JIMMYJOHNSON, BaseColour_c(0, 45, 158), S_SCHEME_DAYTONA, None, False, False, None, 0, None, False, None, False, 0)","DRIVERPIN_c(1733, S_XG_COUNTRY_USA, USA)","DRIVERINTERIORCONFIG_c(2662, 1, None, None)",DRIVERPORTRAIT_c(7399),True,AIRACEDRIVERPROFILE_c(3257),"RACESERIES_c(9670, S_SERIES_SPRINT_CUP, 9671, IMGSPRINTCUP2012.ARC, [], [], 2012, True, None)",2012_JOHNSON,131727617
DRIVERCONFIG_c,9636,,9636,0x16D77,9636,"DRIVER_c(1114, S_DRIVER_M_KENSETH, None, False, S_HT_CAMBRIGDGE, 129237770, True, mattkenseth, 131793153, True, False)","DRIVERNUMBER_c(9703, W:\NAS2\Hud\2012\numbers\17_Kenseth.tga, 17_MATTKENSETH)","RACETEAM_c(1331, S_TEAM_RFR, None, roushfenway)","LIVERIE_c(7122, MATTKENSETH, BaseColour_c(6, 54, 163), S_SCHEME_DAYTONA, None, False, False, None, 0, None, False, None, False, 0)","DRIVERPIN_c(1733, S_XG_COUNTRY_USA, USA)","DRIVERINTERIORCONFIG_c(2655, 1, None, None)",DRIVERPORTRAIT_c(7389),True,AIRACEDRIVERPROFILE_c(3241),"RACESERIES_c(9670, S_SERIES_SPRINT_CUP, 9671, IMGSPRINTCUP2012.ARC, [], [], 2012, True, None)",2012_KENSETH,131268865
DRIVERCONFIG_c,9637,,9637,0x16DAA,9637,"DRIVER_c(7175, S_DRIVER_R_STENHOUSE_JR, None, False, S_STATE_MISSISSIPPI, 130222594, True, stenhousejr, 129106177, False, False)","DRIVERNUMBER_c(9704, W:\nas2\Hud\2012\numbers\6_Stenhouse_Jr.tga, 6_RICKYSTENHOUSEJR)","RACETEAM_c(1331, S_TEAM_RFR, None, roushfenway)","LIVERIE_c(7151, RICKYSTENHOUSE, BaseColour_c(0, 0, 180), S_SCHEME_DAYTONA, None, False, False, None, 0, None, False, None, False, 0)","DRIVERPIN_c(1733, S_XG_COUNTRY_USA, USA)","DRIVERINTERIORCONFIG_c(2655, 1, None, None)",DRIVERPORTRAIT_c(7158),True,AIRACEDRIVERPROFILE_c(12391),"RACESERIES_c(9670, S_SERIES_SPRINT_CUP, 9671, IMGSPRINTCUP2012.ARC, [], [], 2012, True, None)",2012_STENHOUSE,129106177
DRIVERCONFIG_c,9639,,9639,0x16DDD,9639,"DRIVER_c(1136, S_DRIVER_T_STEWART, None, False, S_HT_COLUMBUS, 129172756, True, tonystewart, 131793153, True, True)","DRIVERNUMBER_c(9708, W:\NAS2\Hud\2012\numbers\14_Stewart.tga, 14_TONYSTEWART)","RACETEAM_c(1351, S_TEAM_SHR, None, StewartHaasRcng)","LIVERIE_c(7133, TONYSTEWART, BaseColour_c(255, 13, 0), S_SCHEME_DAYTONA, None, False, False, None, 0, None, False, None, False, 0)","DRIVERPIN_c(1733, S_XG_COUNTRY_USA, USA)","DRIVERINTERIORCONFIG_c(2654, 1, None, None)",DRIVERPORTRAIT_c(7378),True,AIRACEDRIVERPROFILE_c(3239),"RACESERIES_c(9670, S_SERIES_SPRINT_CUP, 9671, IMGSPRINTCUP2012.ARC, [], [], 2012, True, None)",2012_STEWART,131793153
DRIVERCONFIG_c,9640,,9640,0x16E10,9640,"DRIVER_c(1104, S_DRIVER_D_GILLILAND, None, False, S_HT_RIVERSIDE, 129500161, True, DavidGilliland, 129106177, False, False)","DRIVERNUMBER_c(9675, W:\NAS2\Hud\2012\numbers\38_Gilliland.tga, 38_DAVIDGILLILAND)","RACETEAM_c(1327, S_TEAM_FRM, None, FrontRowNASCAR)","LIVERIE_c(7092, DAVIDGILLILAND, BaseColour_c(248, 248, 248), S_SCHEME_CHARLOTTE, None, False, False, None, 0, None, False, None, False, 0)","DRIVERPIN_c(1733, S_XG_COUNTRY_USA, USA)","DRIVERINTERIORCONFIG_c(12420, 1, None, None)",DRIVERPORTRAIT_c(7409),True,AIRACEDRIVERPROFILE_c(3252),"RACESERIES_c(9670, S_SERIES_SPRINT_CUP, 9671, IMGSPRINTCUP2012.ARC, [], [], 2012, True, None)",2012_GILLILAND,129106177
DRIVERCONFIG_c,9641,,9641,0x16E43,9641,"DRIVER_c(1113, S_DRIVER_K_KAHNE, None, False, S_HT_ENUMCLAW, 129762314, True, kaseykahne, 131793153, True, False)","DRIVERNUMBER_c(9679, W:\NAS2\Hud\2012\numbers\5_Kahne.tga, 5_KASEYKAHNE)","RACETEAM_c(1340, S_TEAM_HM, None, TeamHendrick)","LIVERIE_c(7111, KASEYKAHNE, BaseColour_c(255, 0, 0), S_SCHEME_DAYTONA, None, False, False, None, 0, None, False, None, False, 0)","DRIVERPIN_c(1733, S_XG_COUNTRY_USA, USA)","DRIVERINTERIORCONFIG_c(2379, 1, None, None)",DRIVERPORTRAIT_c(7393),True,AIRACEDRIVERPROFILE_c(3235),"RACESERIES_c(9670, S_SERIES_SPRINT_CUP, 9671, IMGSPRINTCUP2012.ARC, [], [], 2012, True, None)",2012_KAHNE,129106177
DRIVERCONFIG_c,9643,,9643,0x16E76,9643,"DRIVER_c(1100, S_DRIVER_D_EARNHARDT_JR, None, False, S_HT_KANNAPOLIS, 129370634, True, , 129106177, True, True)","DRIVERNUMBER_c(9681, W:\NAS2\Hud\2012\numbers\88_Earnhardt_Jr.tga, 88_DALEEARNHARDTJR)","RACETEAM_c(1340, S_TEAM_HM, None, TeamHendrick)","LIVERIE_c(7139, DALEJRGREEN, BaseColour_c(0, 104, 87), S_SCHEME_KANSAS, None, False, False, None, 0, None, False, None, False, 0)","DRIVERPIN_c(1733, S_XG_COUNTRY_USA, USA)","DRIVERINTERIORCONFIG_c(2663, 1, None, None)",DRIVERPORTRAIT_c(7410),True,AIRACEDRIVERPROFILE_c(3265),"RACESERIES_c(9670, S_SERIES_SPRINT_CUP, 9671, IMGSPRINTCUP2012.ARC, [], [], 2012, True, None)",2012_EARNHARDT,129106177
DRIVERCONFIG_c,9644,,9644,0x16EA9,9644,"DRIVER_c(1139, S_DRIVER_B_VICKERS, None, False, S_HT_THOMASVILLE, 129960472, True, , 129106177, False, False)","DRIVERNUMBER_c(7289, W:\nas2\Hud\new\numbers_2011\83-VICKERS_01.tga, 83_VICKERS)",None,None,"DRIVERPIN_c(1733, S_XG_COUNTRY_USA, USA)","DRIVERINTERIORCONFIG_c(12419, 1, None, None)",DRIVERPORTRAIT_c(7413),False,AIRACEDRIVERPROFILE_c(3379),None,2012_VICKERS,129106177
DRIVERCONFIG_c,9645,,9645,0x16EDC,9645,"DRIVER_c(1094, S_DRIVER_J_BURTON, None, False, S_HT_SOUTH_BOSTON, 128910877, True, RCR31JeffBurton, 129106177, True, False)","DRIVERNUMBER_c(9694, W:\NAS2\Hud\2012\numbers\31_Burton.tga, 31_JEFFBURTON)","RACETEAM_c(1333, S_TEAM_RCR, None, RCRracing)","LIVERIE_c(7104, JEFFBURTON, BaseColour_c(0, 0, 0), S_SCHEME_DAYTONA, None, False, False, None, 0, None, False, None, False, 0)","DRIVERPIN_c(1733, S_XG_COUNTRY_USA, USA)","DRIVERINTERIORCONFIG_c(2657, 1, None, None)",DRIVERPORTRAIT_c(7402),True,AIRACEDRIVERPROFILE_c(3247),"RACESERIES_c(9670, S_SERIES_SPRINT_CUP, 9671, IMGSPRINTCUP2012.ARC, [], [], 2012, True, None)",2012_BURTON,129106177
DRIVERCONFIG_c,9646,,9646,0x16F0F,9646,"DRIVER_c(1083, S_DRIVER_AJ_ALMENDINGER, None, False, S_HT_LOS_GATOS, 129829904, True, AJDinger, 129106177, False, False)","DRIVERNUMBER_c(9692, W:\NAS2\Hud\2012\numbers\22_Allmendinger.tga, 22_AJALLMENDINGER)","RACETEAM_c(1336, S_TEAM_PR_01, None, penskeracing)",None,"DRIVERPIN_c(1733, S_XG_COUNTRY_USA, USA)","DRIVERINTERIORCONFIG_c(2377, 1, None, None)",DRIVERPORTRAIT_c(7416),False,AIRACEDRIVERPROFILE_c(3255),None,2012_ALLMENDINGER,129106177
DRIVERCONFIG_c,9647,,9647,0x16F42,9647,"DRIVER_c(1096, S_DRIVER_K_BUSCH_02, None, False, S_HT_LAS_VEGAS, 130090242, True, kylebusch, 131793153, True, True)","DRIVERNUMBER_c(9684, W:\NAS2\Hud\2012\numbers\18_Busch.tga, 18_KYLEBUSCH)","RACETEAM_c(1335, S_TEAM_JGR, None, joegibbsracing)","LIVERIE_c(7115, KYLEBUSCH, BaseColour_c(255, 200, 0), S_SCHEME_SHOOTOUT, None, False, False, None, 0, None, False, None, False, 0)","DRIVERPIN_c(1733, S_XG_COUNTRY_USA, USA)","DRIVERINTERIORCONFIG_c(2653, 1, None, None)",DRIVERPORTRAIT_c(7391),True,AIRACEDRIVERPROFILE_c(3242),"RACESERIES_c(9670, S_SERIES_SPRINT_CUP, 9671, IMGSPRINTCUP2012.ARC, [], [], 2012, True, None)",2012_BUSCHKYLE,129106177
DRIVERCONFIG_c,9648,,9648,0x16F75,9648,"DRIVER_c(1090, S_DRIVER_G_BIFFLE, None, False, S_HT_VANCOUVER, 129043479, True, gbiffle, 131727617, True, False)","DRIVERNUMBER_c(9702, W:\NAS2\Hud\2012\numbers\16_Biffle.tga, 16_GREGBIFFLE)","RACETEAM_c(1331, S_TEAM_RFR, None, roushfenway)","LIVERIE_c(7101, GREGBIFFLE, BaseColour_c(255, 255, 255), S_SCHEME_DAYTONA, None, False, False, None, 0, None, False, None, False, 0)","DRIVERPIN_c(1733, S_XG_COUNTRY_USA, USA)","DRIVERINTERIORCONFIG_c(2655, 1, None, None)",DRIVERPORTRAIT_c(7403),True,AIRACEDRIVERPROFILE_c(3240),"RACESERIES_c(9670, S_SERIES_SPRINT_CUP, 9671, IMGSPRINTCUP2012.ARC, [], [], 2012, True, None)",2012_BIFFLE,129106177
DRIVERCONFIG_c,9649,,9649,0x16FA8,9649,"DRIVER_c(1141, S_DRIVER_M_WALTRIP, None, False, S_HT_OWENBORO, 128648222, True, , 129106177, True, False)","DRIVERNUMBER_c(9716, W:\NAS2\Hud\2012\numbers\0_placeholder.tga, 55_MICHAELWALTRIP)","RACETEAM_c(1354, S_TEAM_MWR, None, MWRteam)",None,"DRIVERPIN_c(1733, S_XG_COUNTRY_USA, USA)","DRIVERINTERIORCONFIG_c(2381, 1, None, None)",DRIVERPORTRAIT_c(7386),True,AIRACEDRIVERPROFILE_c(3372),"RACESERIES_c(9670, S_SERIES_SPRINT_CUP, 9671, IMGSPRINTCUP2012.ARC, [], [], 2012, True, None)",2012_WALTRIP,129106177
DRIVERCONFIG_c,9650,,9650,0x16FDB,9650,"DRIVER_c(1092, S_DRIVER_C_BOWYER, None, False, S_HT_EMPORIA, 129697054, True, ClintBowyer, 131727617, True, False)","DRIVERNUMBER_c(9689, W:\NAS2\Hud\2012\numbers\15_Bowyer.tga, 15_CLINTBOWYER)","RACETEAM_c(1354, S_TEAM_MWR, None, MWRteam)","LIVERIE_c(7135, CLINTBOWYER, BaseColour_c(255, 22, 0), S_SCHEME_DAYTONA, None, False, False, None, 0, None, False, None, False, 0)","DRIVERPIN_c(1733, S_XG_COUNTRY_USA, USA)","DRIVERINTERIORCONFIG_c(12419, 1, None, None)",DRIVERPORTRAIT_c(7412),True,AIRACEDRIVERPROFILE_c(3248),"RACESERIES_c(9670, S_SERIES_SPRINT_CUP, 9671, IMGSPRINTCUP2012.ARC, [], [], 2012, True, None)",2012_BOWYER,129106177
DRIVERCONFIG_c,9651,,9651,0x1700E,9651,"DRIVER_c(1119, S_DRIVER_M_MARTIN, None, False, S_HT_BATESVILLE, 128385289, True, 55MarkMartin, 131662081, True, True)","DRIVERNUMBER_c(9687, W:\NAS2\Hud\2012\numbers\55_Martin.tga, 55_MARKMARTIN)","RACETEAM_c(1354, S_TEAM_MWR, None, MWRteam)","LIVERIE_c(7118, MARKMARTIN, BaseColour_c(6, 226, 0), S_SCHEME_DAYTONA, None, False, False, None, 0, None, False, None, False, 0)","DRIVERPIN_c(1733, S_XG_COUNTRY_USA, USA)","DRIVERINTERIORCONFIG_c(12419, 1, None, None)",DRIVERPORTRAIT_c(7388),True,AIRACEDRIVERPROFILE_c(3232),"RACESERIES_c(9670, S_SERIES_SPRINT_CUP, 9671, IMGSPRINTCUP2012.ARC, [], [], 2012, True, None)",2012_MARTIN,129106177
DRIVERCONFIG_c,9652,,9652,0x17041,9652,"DRIVER_c(1084, S_DRIVER_A_ALMIROLA, None, False, S_HT_TAMPA, 130024206, True, aric_almirola, 129106177, True, False)","DRIVERNUMBER_c(9698, W:\nas2\Hud\2012\numbers\43_Almirola.tga, 43_ARICALMIROLA)","RACETEAM_c(1325, S_TEAM_RPM_01, None, RPMotorsports)","LIVERIE_c(7084, ARICALMIROLA, BaseColour_c(248, 155, 71), S_SCHEME_ALLSTAR, None, False, False, None, 0, None, False, None, False, 0)","DRIVERPIN_c(1733, S_XG_COUNTRY_USA, USA)","DRIVERINTERIORCONFIG_c(2655, 1, None, None)",DRIVERPORTRAIT_c(7417),True,AIRACEDRIVERPROFILE_c(3355),"RACESERIES_c(9670, S_SERIES_SPRINT_CUP, 9671, IMGSPRINTCUP2012.ARC, [], [], 2012, True, None)",2012_ALMIROLA,129106177
DRIVERCONFIG_c,9653,,9653,0x17074,9653,"DRIVER_c(1105, S_DRIVER_J_GORDON, None, False, S_HT_VALLEJO, 129173508, True, JeffGordonWeb, 131793153, True, True)","DRIVERNUMBER_c(9677, W:\NAS2\Hud\2012\numbers\24_Gordon.tga, 24_JEFFGORDON)","RACETEAM_c(1340, S_TEAM_HM, None, TeamHendrick)","LIVERIE_c(7105, JEFFGORDON, BaseColour_c(235, 36, 41), S_SCHEME_DAYTONA, None, False, False, None, 0, None, False, None, False, 0)","DRIVERPIN_c(1733, S_XG_COUNTRY_USA, USA)","DRIVERINTERIORCONFIG_c(2379, 1, None, None)",DRIVERPORTRAIT_c(7401),True,AIRACEDRIVERPROFILE_c(3245),"RACESERIES_c(9670, S_SERIES_SPRINT_CUP, 9671, IMGSPRINTCUP2012.ARC, [], [], 2012, True, None)",2012_GORDONJEFF,129106177
DRIVERCONFIG_c,9654,,9654,0x170A7,9654,"DRIVER_c(1121, S_DRIVER_J_MCMURRAY, None, False, S_HT_JOPLIN, 129500675, True, JamieMcMurray, 131727617, True, False)","DRIVERNUMBER_c(9672, W:\NAS2\Hud\2012\numbers\1_McMurray.tga, 1_JAMIEMCMURRAY)","RACETEAM_c(1349, S_TEAM_EGR, None, EGRTeams)","LIVERIE_c(7102, JAMIEMCMURRAY, BaseColour_c(255, 25, 0), S_SCHEME_DAYTONA, None, False, False, None, 0, None, False, None, False, 0)","DRIVERPIN_c(1733, S_XG_COUNTRY_USA, USA)","DRIVERINTERIORCONFIG_c(2829, 1, None, None)",DRIVERPORTRAIT_c(7397),True,AIRACEDRIVERPROFILE_c(3230),"RACESERIES_c(9670, S_SERIES_SPRINT_CUP, 9671, IMGSPRINTCUP2012.ARC, [], [], 2012, True, None)",2012_MCMURRAY,129106177
DRIVERCONFIG_c,9655,,9655,0x170DA,9655,"DRIVER_c(1125, S_DRIVER_J_MONTOYA, None, False, S_HT_BOGOTA, 129435924, True, JPMontoya, 131727617, True, False)","DRIVERNUMBER_c(9673, W:\NAS2\Hud\2012\numbers\42_Montoya.tga, 42_JUANPABLOMONTOYA)","RACETEAM_c(1349, S_TEAM_EGR, None, EGRTeams)","LIVERIE_c(7110, JUANPABLOMONTOYA, BaseColour_c(255, 13, 0), S_SCHEME_DAYTONA, None, False, False, None, 0, None, False, None, False, 0)","DRIVERPIN_c(1733, S_XG_COUNTRY_USA, USA)","DRIVERINTERIORCONFIG_c(2380, 1, None, None)",DRIVERPORTRAIT_c(7396),True,AIRACEDRIVERPROFILE_c(3254),"RACESERIES_c(9670, S_SERIES_SPRINT_CUP, 9671, IMGSPRINTCUP2012.ARC, [], [], 2012, True, None)",2012_MONTOYA,129106177
DRIVERCONFIG_c,9656,,9656,0x1710D,9656,"DRIVER_c(1129, S_DRIVER_D_RAGAN, None, False, S_HT_UNADILLA, 130092056, True, DavidRagan, 131793153, True, False)","DRIVERNUMBER_c(9674, W:\NAS2\Hud\2012\numbers\34_Ragan.tga, 34_DAVIDRAGAN)","RACETEAM_c(1327, S_TEAM_FRM, None, FrontRowNASCAR)","LIVERIE_c(7138, DAVIDRAGAN, BaseColour_c(70, 35, 35), S_SCHEME_SHOOTOUT, None, False, False, None, 0, None, False, None, False, 0)","DRIVERPIN_c(1733, S_XG_COUNTRY_USA, USA)","DRIVERINTERIORCONFIG_c(12420, 1, None, None)",DRIVERPORTRAIT_c(7406),True,AIRACEDRIVERPROFILE_c(3233),"RACESERIES_c(9670, S_SERIES_SPRINT_CUP, 9671, IMGSPRINTCUP2012.ARC, [], [], 2012, True, None)",2012_RAGAN,129106177
DRIVERCONFIG_c,9658,,9658,0x17140,9658,"DRIVER_c(1085, S_DRIVER_M_AMBROSE, None, False, S_HT_LAUNCESTON, 129501441, True, MarcosAmbrose, 129106177, True, False)","DRIVERNUMBER_c(9699, W:\NAS2\Hud\2012\numbers\9_Ambrose.tga, 9_MARCOSAMBROSE)","RACETEAM_c(1325, S_TEAM_RPM_01, None, RPMotorsports)","LIVERIE_c(7116, MARCOSAMBROSE, BaseColour_c(0, 105, 155), S_SCHEME_DAYTONA, None, False, False, None, 0, None, False, None, False, 0)","DRIVERPIN_c(1733, S_XG_COUNTRY_USA, USA)","DRIVERINTERIORCONFIG_c(2655, 1, None, None)",DRIVERPORTRAIT_c(7390),True,AIRACEDRIVERPROFILE_c(3256),"RACESERIES_c(9670, S_SERIES_SPRINT_CUP, 9671, IMGSPRINTCUP2012.ARC, [], [], 2012, True, None)",2012_AMBROSE,129106177
DRIVERCONFIG_c,9659,,9659,0x17173,9659,"DRIVER_c(7174, S_DRIVER_J_WISE, None, False, S_STATE_CALIFORNIA, 129958407, True, Josh_Wise, 129106177, False, False)","DRIVERNUMBER_c(9713, W:\nas2\Hud\2012\numbers\26_Wise.tga, 26_JOSHWISE)","RACETEAM_c(1327, S_TEAM_FRM, None, FrontRowNASCAR)","LIVERIE_c(7152, JOSHWISE, BaseColour_c(0, 0, 180), S_SCHEME_AUTOCLUB, None, False, False, None, 0, None, False, None, False, 0)","DRIVERPIN_c(1733, S_XG_COUNTRY_USA, USA)","DRIVERINTERIORCONFIG_c(12420, 1, None, None)",DRIVERPORTRAIT_c(7156),True,AIRACEDRIVERPROFILE_c(12392),"RACESERIES_c(9670, S_SERIES_SPRINT_CUP, 9671, IMGSPRINTCUP2012.ARC, [], [], 2012, True, None)",2012_WISE,129106177
DRIVERCONFIG_c,9660,,9660,0x171A6,9660,"DRIVER_c(1095, S_DRIVER_K_BUSCH_01, None, False, S_HT_LAS_VEGAS, 129632260, True, kurtbusch, 131793153, True, True)","DRIVERNUMBER_c(9693, W:\nas2\Hud\2012\numbers\51_Busch.tga, 51_KURTBUSCH)","RACETEAM_c(10516, S_TEAM_PHOENIXRACING, None, phoenixracing51)","LIVERIE_c(7114, KURTBUSCH, BaseColour_c(0, 55, 255), S_SCHEME_DAYTONA, None, False, False, None, 0, None, False, None, False, 0)","DRIVERPIN_c(1733, S_XG_COUNTRY_USA, USA)","DRIVERINTERIORCONFIG_c(12421, 1, None, None)",DRIVERPORTRAIT_c(7392),True,AIRACEDRIVERPROFILE_c(3231),"RACESERIES_c(9670, S_SERIES_SPRINT_CUP, 9671, IMGSPRINTCUP2012.ARC, [], [], 2012, True, None)",2012_BUSCHKURT,131334401
DRIVERCONFIG_c,9661,,9661,0x171D9,9661,"DRIVER_c(2847, S_DRIVER_T_KVAPIL, None, False, S_HT_JANESVILLE, 129499905, True, TravisKvapil, 129106177, False, False)","DRIVERNUMBER_c(12630, W:\nas2\Hud\2012\numbers\93_Kvapil.tga, 93_KVAPIL)","RACETEAM_c(10518, S_TEAM_BKRACING, None, BKRacing8393)","LIVERIE_c(7131, TRAVISKVAPIL, BaseColour_c(255, 255, 6), S_SCHEME_AUTOCLUB, None, False, False, None, 0, None, False, None, False, 0)","DRIVERPIN_c(1733, S_XG_COUNTRY_USA, USA)","DRIVERINTERIORCONFIG_c(12421, 1, None, None)",DRIVERPORTRAIT_c(7379),True,AIRACEDRIVERPROFILE_c(3249),"RACESERIES_c(9670, S_SERIES_SPRINT_CUP, 9671, IMGSPRINTCUP2012.ARC, [], [], 2012, True, None)",2012_KVAPIL,129106177
DRIVERCONFIG_c,9662,,9662,0x1720C,9662,"DRIVER_c(5766, S_DRIVER_T_BAYNE, None, False, S_HT_KNOXVILLE, 130482707, True, tbayne21, 131793153, False, False)","DRIVERNUMBER_c(9710, W:\NAS2\Hud\2012\numbers\21_Bayne.tga, 21_TREVORBAYNE)","RACETEAM_c(1341, S_TEAM_WBR, None, woodbrothers21)","LIVERIE_c(7132, TREVORBAYNE, BaseColour_c(10, 10, 10), S_SCHEME_DAYTONA, None, False, False, None, 0, None, False, None, False, 0)","DRIVERPIN_c(1733, S_XG_COUNTRY_USA, USA)","DRIVERINTERIORCONFIG_c(2655, 1, None, None)",DRIVERPORTRAIT_c(7381),True,AIRACEDRIVERPROFILE_c(6921),"RACESERIES_c(9670, S_SERIES_SPRINT_CUP, 9671, IMGSPRINTCUP2012.ARC, [], [], 2012, True, None)",2012_BAYNE,129106177
DRIVERCONFIG_c,10527,,10527,0x1723F,10527,"DRIVER_c(1134, S_DRIVER_R_SMITH, None, False, S_HT_CATO, 129960215, True, Regan_Smith_, 131793153, False, False)","DRIVERNUMBER_c(9676, W:\NAS2\Hud\2012\numbers\78_Smith.tga, 78_REGANSMITH)","RACETEAM_c(1355, S_TEAM_FRR, None, FR78Racing)","LIVERIE_c(11447, 12_REGANSMITH, BaseColour_c(0, 0, 180), S_SCHEME_DAYTONA, None, False, False, None, 5000, None, False, None, False, 0)","DRIVERPIN_c(1733, S_XG_COUNTRY_USA, USA)","DRIVERINTERIORCONFIG_c(12420, 1, None, None)",DRIVERPORTRAIT_c(14748),True,AIRACEDRIVERPROFILE_c(3262),"RACESERIES_c(9670, S_SERIES_SPRINT_CUP, 9671, IMGSPRINTCUP2012.ARC, [], [], 2012, True, None)",2012_SMITHREGAN,129106177
DRIVERCONFIG_c,11436,,11436,0x17272,11436,"DRIVER_c(1415, S_DRIVER_S_SPEED, None, False, S_HT_MANTECA, 129958168, True, scottspeed, 129106177, False, False)","DRIVERNUMBER_c(9686, W:\NAS2\Hud\2012\numbers\95_Speed.tga, 95_SCOTTSPEED)","RACETEAM_c(8739, S_TEAM_LFR, None, LeavineFamily95)","LIVERIE_c(11449, 12_SCOTTSPEED, BaseColour_c(0, 0, 180), S_SCHEME_TEXAS, None, False, False, None, 5000, None, False, None, False, 0)","DRIVERPIN_c(1733, S_XG_COUNTRY_USA, USA)","DRIVERINTERIORCONFIG_c(12419, 1, None, None)",DRIVERPORTRAIT_c(8992),True,AIRACEDRIVERPROFILE_c(3263),"RACESERIES_c(9670, S_SERIES_SPRINT_CUP, 9671, IMGSPRINTCUP2012.ARC, [], [], 2012, True, None)",2012_SPEED,129106177
DRIVERCONFIG_c,11437,,11437,0x172A5,11437,"DRIVER_c(1126, S_DRIVER_J_NEMECHEK, None, False, S_HT_LAKELAND, 128649498, True, FrontRowJoe87, 129106177, False, False)","DRIVERNUMBER_c(9690, W:\nas2\Hud\2012\numbers\87_Nemechek.tga, 87_JOENEMECHEK)","RACETEAM_c(1350, S_TEAM_NM, None, )","LIVERIE_c(11450, 12_JOENEMECHEK, BaseColour_c(0, 0, 180), S_SCHEME_BRISTOL, None, False, False, None, 5000, None, False, None, False, 0)","DRIVERPIN_c(1733, S_XG_COUNTRY_USA, USA)","DRIVERINTERIORCONFIG_c(12420, 1, None, None)",DRIVERPORTRAIT_c(14614),True,AIRACEDRIVERPROFILE_c(3264),"RACESERIES_c(9670, S_SERIES_SPRINT_CUP, 9671, IMGSPRINTCUP2012.ARC, [], [], 2012, True, None)",2012_NEMECHEK,129106177
DRIVERCONFIG_c,11438,,11438,0x172D8,11438,"DRIVER_c(1091, S_DRIVER_D_BLANEY, None, False, S_HT_HARTFORD, 128584216, True, BuckeyeBullet10, 129106177, False, False)","DRIVERNUMBER_c(9709, W:\nas2\Hud\2012\numbers\36_Blaney.tga, 36_DAVEBLANEY)","RACETEAM_c(1347, S_TEAM_TBR, None, TBR_Racing)","LIVERIE_c(11453, 12_DAVEBLANEY, BaseColour_c(0, 0, 180), S_SCHEME_BRISTOL, None, False, False, None, 5000, None, False, None, False, 0)","DRIVERPIN_c(1733, S_XG_COUNTRY_USA, USA)","DRIVERINTERIORCONFIG_c(12418, 1, None, None)",DRIVERPORTRAIT_c(14598),True,AIRACEDRIVERPROFILE_c(3260),"RACESERIES_c(9670, S_SERIES_SPRINT_CUP, 9671, IMGSPRINTCUP2012.ARC, [], [], 2012, True, None)",2012_BLANEY,129106177
DRIVERCONFIG_c,11439,,11439,0x1730B,11439,"DRIVER_c(9666, S_DRIVER_L_CASSILL, None, False, S_WORLD_LOC_IOWA, 130352903, True, landoncassill, 129106177, False, False)","DRIVERNUMBER_c(11440, W:\nas2\Hud\2012\numbers\83_Cassill.tga, 83_CASSILL)","RACETEAM_c(10518, S_TEAM_BKRACING, None, BKRacing8393)","LIVERIE_c(11454, 12_LANDONCASSILL, BaseColour_c(0, 0, 180), S_SCHEME_DAYTONA, None, False, False, None, 5000, None, False, None, False, 0)","DRIVERPIN_c(1733, S_XG_COUNTRY_USA, USA)","DRIVERINTERIORCONFIG_c(12421, 1, None, None)",DRIVERPORTRAIT_c(12595),True,AIRACEDRIVERPROFILE_c(3356),"RACESERIES_c(9670, S_SERIES_SPRINT_CUP, 9671, IMGSPRINTCUP2012.ARC, [], [], 2012, True, None)",2012_CASSILL,129106177
DRIVERCONFIG_c,11441,,11441,0x1733E,11441,"DRIVER_c(1124, S_DRIVER_C_MEARS, None, False, S_HT_BAKERSFIELD, 129630988, True, CaseyMears13, 129106177, False, False)","DRIVERNUMBER_c(9711, W:\nas2\Hud\2012\numbers\13_Mears.tga, 13_CASEYMEARS)","RACETEAM_c(1352, S_TEAM_GR, None, GermainRacing)","LIVERIE_c(11448, 12_CASEYMEARS, BaseColour_c(0, 0, 180), S_SCHEME_DAYTONA, None, False, False, None, 5000, None, False, None, False, 0)","DRIVERPIN_c(1733, S_XG_COUNTRY_USA, USA)","DRIVERINTERIORCONFIG_c(12419, 1, None, None)",DRIVERPORTRAIT_c(14613),True,AIRACEDRIVERPROFILE_c(3365),"RACESERIES_c(9670, S_SERIES_SPRINT_CUP, 9671, IMGSPRINTCUP2012.ARC, [], [], 2012, True, None)",2012_MEARS,129106177
DRIVERCONFIG_c,11442,,11442,0x17371,11442,"DRIVER_c(1400, S_DRIVER_M_MCDOWELL, None, False, S_HT_GLENDALE, 130026517, True, Mc_Driver, 129106177, False, False)","DRIVERNUMBER_c(11443, W:\nas2\Hud\2012\numbers\98_McDowell.tga, 98_MCDOWELL)","RACETEAM_c(11444, S_TEAM_PARSONS, None, )","LIVERIE_c(11451, 12_MICHAELMCDOWELL, BaseColour_c(0, 0, 180), S_SCHEME_DAYTONA, None, False, False, None, 5000, None, False, None, False, 0)","DRIVERPIN_c(1733, S_XG_COUNTRY_USA, USA)","DRIVERINTERIORCONFIG_c(12421, 1, None, None)",DRIVERPORTRAIT_c(14746),True,AIRACEDRIVERPROFILE_c(3258),"RACESERIES_c(9670, S_SERIES_SPRINT_CUP, 9671, IMGSPRINTCUP2012.ARC, [], [], 2012, True, None)",2012_MCDOWELL,129106177
DRIVERCONFIG_c,11445,,11445,0x173A4,11445,"DRIVER_c(1142, S_DRIVER_JJ_YELEY, None, False, S_HT_PHOENIX, 131072257, True, , 129106177, False, False)","DRIVERNUMBER_c(9715, W:\NAS2\Hud\2012\numbers\0_placeholder.tga, 49_JJYELEY)","RACETEAM_c(11446, S_TEAM_ROB_BLAK, None, )","LIVERIE_c(11452, 12_JJYELEY, BaseColour_c(0, 0, 180), S_LIV_PRIMARY, None, False, False, None, 5000, None, False, None, False, 0)","DRIVERPIN_c(1733, S_XG_COUNTRY_USA, USA)","DRIVERINTERIORCONFIG_c(12419, 1, None, None)",DRIVERPORTRAIT_c(7485),True,AIRACEDRIVERPROFILE_c(3370),None,2012_YELEY,129106177
DRIVERCONFIG_c,12591,,12591,0x173D7,12591,"DRIVER_c(1109, S_DRIVER_S_HORNISH_JR, None, False, S_HT_BRYAN, 129697538, True, SamHornish, 129106177, False, False)","DRIVERNUMBER_c(12592, W:\nas2\Hud\2012\numbers\22_allmendinger.tga, 12_SAMHORNISHJR)","RACETEAM_c(1336, S_TEAM_PR_01, None, penskeracing)","LIVERIE_c(12593, 12_HORNISHJR, BaseColour_c(0, 0, 180), S_SCHEME_NEWHAMPSHIRE, None, False, False, None, 5000, None, False, None, False, 0)","DRIVERPIN_c(1733, S_XG_COUNTRY_USA, USA)","DRIVERINTERIORCONFIG_c(12423, 1, None, None)",DRIVERPORTRAIT_c(14747),True,AIRACEDRIVERPROFILE_c(13107),"RACESERIES_c(9670, S_SERIES_SPRINT_CUP, 9671, IMGSPRINTCUP2012.ARC, [], [], 2012, True, None)",2012_HORNISHJR,129106177
DRIVERCONFIG_c,12597,,12597,0x1740A,12597,"DRIVER_c(12601, S_DRIVER_TITLE, None, True, , 131072257, True, , 129106177, False, False)","DRIVERNUMBER_c(12606, W:\nas2\Hud\2012\numbers\0_placeholder.tga, 0_TELEMETRYDRIVER)","RACETEAM_c(2403, S_TEAM_CUSTOM_CHEVROLET, None, )","LIVERIE_c(12602, TELEMETRYCHEVROLET, BaseColour_c(0, 0, 180), S_LIV_PRIMARY, None, False, False, None, 0, None, False, None, False, 0)","DRIVERPIN_c(1733, S_XG_COUNTRY_USA, USA)","DRIVERINTERIORCONFIG_c(12419, 1, None, None)",DRIVERPORTRAIT_c(7481),False,AIRACEDRIVERPROFILE_c(3228),"RACESERIES_c(9670, S_SERIES_SPRINT_CUP, 9671, IMGSPRINTCUP2012.ARC, [], [], 2012, True, None)",TELEMETRYCHEVROLET,129106177
DRIVERCONFIG_c,12598,,12598,0x1743D,12598,"DRIVER_c(12608, S_DRIVER_TITLE, None, True, , 131072257, True, , 129106177, False, False)","DRIVERNUMBER_c(12606, W:\nas2\Hud\2012\numbers\0_placeholder.tga, 0_TELEMETRYDRIVER)","RACETEAM_c(2404, S_TEAM_CUSTOM_DODGE, None, )","LIVERIE_c(12603, TELEMETRYDODGE, BaseColour_c(0, 0, 180), S_LIV_PRIMARY, None, False, False, None, 0, None, False, None, False, 0)","DRIVERPIN_c(1733, S_XG_COUNTRY_USA, USA)","DRIVERINTERIORCONFIG_c(12420, 1, None, None)",DRIVERPORTRAIT_c(7482),False,AIRACEDRIVERPROFILE_c(3228),"RACESERIES_c(9670, S_SERIES_SPRINT_CUP, 9671, IMGSPRINTCUP2012.ARC, [], [], 2012, True, None)",TELEMETRYDODGE,129106177
DRIVERCONFIG_c,12599,,12599,0x17470,12599,"DRIVER_c(12609, S_DRIVER_TITLE, None, True, , 131072257, True, , 129106177, False, False)","DRIVERNUMBER_c(12606, W:\nas2\Hud\2012\numbers\0_placeholder.tga, 0_TELEMETRYDRIVER)","RACETEAM_c(2405, S_TEAM_CUSTOM_FORD, None, )","LIVERIE_c(12604, TELEMETRYFORD, BaseColour_c(0, 0, 180), S_LIV_PRIMARY, None, False, False, None, 0, None, False, None, False, 0)","DRIVERPIN_c(1733, S_XG_COUNTRY_USA, USA)","DRIVERINTERIORCONFIG_c(12421, 1, None, None)",DRIVERPORTRAIT_c(7483),False,AIRACEDRIVERPROFILE_c(3228),"RACESERIES_c(9670, S_SERIES_SPRINT_CUP, 9671, IMGSPRINTCUP2012.ARC, [], [], 2012, True, None)",TELEMETRYFORD,129106177
DRIVERCONFIG_c,12600,,12600,0x174A3,12600,"DRIVER_c(12610, S_DRIVER_TITLE, None, True, , 131072257, True, , 129106177, False, False)","DRIVERNUMBER_c(12606, W:\nas2\Hud\2012\numbers\0_placeholder.tga, 0_TELEMETRYDRIVER)","RACETEAM_c(2406, S_TEAM_CUSTOM_TOYOTA, None, )","LIVERIE_c(12605, TELEMETRYTOYOTA, BaseColour_c(0, 0, 180), S_LIV_PRIMARY, None, False, False, None, 0, None, False, None, False, 0)","DRIVERPIN_c(1733, S_XG_COUNTRY_USA, USA)","DRIVERINTERIORCONFIG_c(12422, 1, None, None)",DRIVERPORTRAIT_c(7484),False,AIRACEDRIVERPROFILE_c(3228),"RACESERIES_c(9670, S_SERIES_SPRINT_CUP, 9671, IMGSPRINTCUP2012.ARC, [], [], 2012, True, None)",TELEMETRYTOYOTA,129106177
DRIVERCONFIG_c,12621,,12621,0x174D6,12621,"DRIVER_c(1137, S_DRIVER_D_STREMME, None, False, S_HT_SOUTH_BEND, 131072257, True, DavidStremme, 129106177, False, False)","DRIVERNUMBER_c(12626, W:\nas2\Hud\2012\numbers\30_Stremme.tga, 30_DAVIDSTREMME)","RACETEAM_c(12622, S_TEAM_INCEPTION, None, InceptionRacing)","LIVERIE_c(12625, 12_DAVIDSTREMME, BaseColour_c(0, 0, 180), S_SCHEME_VEGAS, None, False, False, None, 5000, None, False, None, False, 0)","DRIVERPIN_c(1733, S_XG_COUNTRY_USA, USA)","DRIVERINTERIORCONFIG_c(12419, 1, None, None)",DRIVERPORTRAIT_c(14745),True,AIRACEDRIVERPROFILE_c(3228),"RACESERIES_c(9670, S_SERIES_SPRINT_CUP, 9671, IMGSPRINTCUP2012.ARC, [], [], 2012, True, None)",2012_STREMME,129106177
DRIVERCONFIG_c,15702,,15702,0x17509,15702,None,None,None,None,"DRIVERPIN_c(1733, S_XG_COUNTRY_USA, USA)",None,None,False,AIRACEDRIVERPROFILE_c(3228),"RACESERIES_c(9670, S_SERIES_SPRINT_CUP, 9671, IMGSPRINTCUP2012.ARC, [], [], 2012, True, None)",CUSTOMGENERICFEMALE,129106177
DRIVERCONFIG_c,15783,,15783,0x1753C,15783,None,None,None,None,"DRIVERPIN_c(1733, S_XG_COUNTRY_USA, USA)",None,None,False,AIRACEDRIVERPROFILE_c(3228),"RACESERIES_c(9670, S_SERIES_SPRINT_CUP, 9671, IMGSPRINTCUP2012.ARC, [], [], 2012, True, None)",MISSSPRINTCUP,129106177
DRIVERCONFIG_c,17542,,17542,0x1756F,17542,"DRIVER_c(9663, S_DRIVER_A_DILLON, None, False, S_STATE_NORTH_CAROLINA, 130417691, True, austindillon3, 129106177, False, False)","DRIVERNUMBER_c(18296, W:\nas2\Hud\2012\numbers\33_Dillon.tga, 33_AUSTINDILLON)","RACETEAM_c(1333, S_TEAM_RCR, None, RCRracing)","LIVERIE_c(17543, 12_AUSTINDILLON, BaseColour_c(0, 0, 180), S_SCHEME_MICHIGAN, None, False, False, None, 5000, None, False, None, False, 0)","DRIVERPIN_c(1733, S_XG_COUNTRY_USA, USA)","DRIVERINTERIORCONFIG_c(12419, 1, None, None)",DRIVERPORTRAIT_c(18295),True,AIRACEDRIVERPROFILE_c(18354),"RACESERIES_c(9670, S_SERIES_SPRINT_CUP, 9671, IMGSPRINTCUP2012.ARC, [], [], 2012, True, None)",2012_DILLON,129106177
DRIVERCONFIG_c,18308,,18308,0x175A2,18308,"DRIVER_c(1084, S_DRIVER_A_ALMIROLA, None, False, S_HT_TAMPA, 130024206, True, aric_almirola, 129106177, True, False)","DRIVERNUMBER_c(9698, W:\nas2\Hud\2012\numbers\43_Almirola.tga, 43_ARICALMIROLA)","RACETEAM_c(1325, S_TEAM_RPM_01, None, RPMotorsports)","LIVERIE_c(18794, DLC_LIV_43_ALMIROLA_2013, BaseColour_c(106, 181, 0), S_SCHEME_DAYTONA, None, False, False, None, 0, None, False, None, False, 0)","DRIVERPIN_c(1733, S_XG_COUNTRY_USA, USA)","DRIVERINTERIORCONFIG_c(22337, 1, None, None)",DRIVERPORTRAIT_c(7417),True,AIRACEDRIVERPROFILE_c(3355),"RACESERIES_c(18306, S_SERIES_SPRINT_CUP, 18307, IMGSPRINTCUP2013.ARC, [], [], 2013, False, None)",2013_ALMIROLA,129106177
DRIVERCONFIG_c,18309,,18309,0x175D5,18309,"DRIVER_c(1096, S_DRIVER_K_BUSCH_02, None, False, S_HT_LAS_VEGAS, 130090242, True, kylebusch, 131793153, True, True)","DRIVERNUMBER_c(9684, W:\NAS2\Hud\2012\numbers\18_Busch.tga, 18_KYLEBUSCH)","RACETEAM_c(1335, S_TEAM_JGR, None, joegibbsracing)","LIVERIE_c(18778, DLC_LIV_18_BUSCH_2013, BaseColour_c(106, 181, 0), S_SCHEME_DAYTONA, None, False, False, None, 0, None, False, None, False, 0)","DRIVERPIN_c(1733, S_XG_COUNTRY_USA, USA)","DRIVERINTERIORCONFIG_c(22329, 1, None, None)",DRIVERPORTRAIT_c(7391),True,AIRACEDRIVERPROFILE_c(3242),"RACESERIES_c(18306, S_SERIES_SPRINT_CUP, 18307, IMGSPRINTCUP2013.ARC, [], [], 2013, False, None)",2013_BUSCHKYLE,129106177
DRIVERCONFIG_c,18310,,18310,0x17608,18310,"DRIVER_c(1415, S_DRIVER_S_SPEED, None, False, S_HT_MANTECA, 129958168, True, scottspeed, 129106177, False, False)","DRIVERNUMBER_c(9686, W:\NAS2\Hud\2012\numbers\95_Speed.tga, 95_SCOTTSPEED)","RACETEAM_c(8739, S_TEAM_LFR, None, LeavineFamily95)","LIVERIE_c(18808, DLC_LIV_95_SPEED_2013, BaseColour_c(106, 181, 0), S_SCHEME_DAYTONA, None, False, False, None, 0, None, False, None, False, 0)","DRIVERPIN_c(1733, S_XG_COUNTRY_USA, USA)","DRIVERINTERIORCONFIG_c(22330, 1, None, None)",DRIVERPORTRAIT_c(8992),True,AIRACEDRIVERPROFILE_c(3263),"RACESERIES_c(18306, S_SERIES_SPRINT_CUP, 18307, IMGSPRINTCUP2013.ARC, [], [], 2013, False, None)",2013_SPEED,129106177
DRIVERCONFIG_c,18311,,18311,0x1763B,18311,"DRIVER_c(7175, S_DRIVER_R_STENHOUSE_JR, None, False, S_STATE_MISSISSIPPI, 130222594, True, stenhousejr, 129106177, False, False)","DRIVERNUMBER_c(21869, W:\nas2\Hud\2012\numbers\17_Stenhouse_jr.tga, 17_STENHOUSEJR)","RACETEAM_c(1331, S_TEAM_RFR, None, roushfenway)","LIVERIE_c(21943, DLC_LIV_17_STENHOUSE_JR_2013, BaseColour_c(106, 181, 0), S_SCHEME_DAYTONA, None, False, False, None, 0, None, False, None, False, 0)","DRIVERPIN_c(1733, S_XG_COUNTRY_USA, USA)","DRIVERINTERIORCONFIG_c(22337, 1, None, None)",DRIVERPORTRAIT_c(21856),True,AIRACEDRIVERPROFILE_c(12391),"RACESERIES_c(18306, S_SERIES_SPRINT_CUP, 18307, IMGSPRINTCUP2013.ARC, [], [], 2013, False, None)",2013_STENHOUSE,129106177
DRIVERCONFIG_c,18312,,18312,0x1766E,18312,"DRIVER_c(1126, S_DRIVER_J_NEMECHEK, None, False, S_HT_LAKELAND, 128649498, True, FrontRowJoe87, 129106177, False, False)","DRIVERNUMBER_c(9690, W:\nas2\Hud\2012\numbers\87_Nemechek.tga, 87_JOENEMECHEK)","RACETEAM_c(1350, S_TEAM_NM, None, )","LIVERIE_c(18805, DLC_LIV_87_NEMECHEK_2013, BaseColour_c(106, 181, 0), S_SCHEME_DAYTONA, None, False, False, None, 0, None, False, None, False, 0)","DRIVERPIN_c(1733, S_XG_COUNTRY_USA, USA)","DRIVERINTERIORCONFIG_c(22321, 1, None, None)",DRIVERPORTRAIT_c(14614),True,AIRACEDRIVERPROFILE_c(3264),"RACESERIES_c(18306, S_SERIES_SPRINT_CUP, 18307, IMGSPRINTCUP2013.ARC, [], [], 2013, False, None)",2013_NEMECHEK,129106177
DRIVERCONFIG_c,18313,,18313,0x176A1,18313,"DRIVER_c(9666, S_DRIVER_L_CASSILL, None, False, S_WORLD_LOC_IOWA, 130352903, True, landoncassill, 129106177, False, False)","DRIVERNUMBER_c(11440, W:\nas2\Hud\2012\numbers\83_Cassill.tga, 83_CASSILL)","RACETEAM_c(10518, S_TEAM_BKRACING, None, BKRacing8393)",None,"DRIVERPIN_c(1733, S_XG_COUNTRY_USA, USA)","DRIVERINTERIORCONFIG_c(22324, 1, None, None)",DRIVERPORTRAIT_c(12595),False,AIRACEDRIVERPROFILE_c(3356),"RACESERIES_c(18306, S_SERIES_SPRINT_CUP, 18307, IMGSPRINTCUP2013.ARC, [], [], 2013, False, None)",2013_CASSILL,129106177
DRIVERCONFIG_c,18314,,18314,0x176D4,18314,"DRIVER_c(1092, S_DRIVER_C_BOWYER, None, False, S_HT_EMPORIA, 129697054, True, ClintBowyer, 131727617, True, False)","DRIVERNUMBER_c(9689, W:\NAS2\Hud\2012\numbers\15_Bowyer.tga, 15_CLINTBOWYER)","RACETEAM_c(1354, S_TEAM_MWR, None, MWRteam)","LIVERIE_c(18775, DLC_LIV_15_BOWYER_2013, BaseColour_c(106, 181, 0), S_SCHEME_DAYTONA, None, False, False, None, 0, None, False, None, False, 0)","DRIVERPIN_c(1733, S_XG_COUNTRY_USA, USA)","DRIVERINTERIORCONFIG_c(22330, 1, None, None)",DRIVERPORTRAIT_c(7412),True,AIRACEDRIVERPROFILE_c(3248),"RACESERIES_c(18306, S_SERIES_SPRINT_CUP, 18307, IMGSPRINTCUP2013.ARC, [], [], 2013, False, None)",2013_BOWYER,129106177
DRIVERCONFIG_c,18315,,18315,0x17707,18315,"DRIVER_c(1115, S_DRIVER_B_KESELOWSKI, None, False, S_HT_ROCHESTERHILLS, 130023948, True, keselowski, 131793153, True, False)","DRIVERNUMBER_c(9691, W:\NAS2\Hud\2012\numbers\2_Keselowski.tga, 2_BRADKESELOWSKI)","RACETEAM_c(1336, S_TEAM_PR_01, None, penskeracing)","LIVERIE_c(18769, DLC_LIV_02_KESELOWSKI_2013, BaseColour_c(106, 181, 0), S_SCHEME_DAYTONA, None, False, False, None, 0, None, False, None, False, 0)","DRIVERPIN_c(1733, S_XG_COUNTRY_USA, USA)","DRIVERINTERIORCONFIG_c(22331, 1, None, None)",DRIVERPORTRAIT_c(7415),True,AIRACEDRIVERPROFILE_c(3237),"RACESERIES_c(18306, S_SERIES_SPRINT_CUP, 18307, IMGSPRINTCUP2013.ARC, [], [], 2013, False, None)",2013_KESELOWSKI,129106177
DRIVERCONFIG_c,18316,,18316,0x1773A,18316,"DRIVER_c(1134, S_DRIVER_R_SMITH, None, False, S_HT_CATO, 129960215, True, Regan_Smith_, 131793153, False, False)","DRIVERNUMBER_c(21868, W:\nas2\Hud\2012\numbers\51_Smith.tga, 51_REGANSMITH)","RACETEAM_c(10516, S_TEAM_PHOENIXRACING, None, phoenixracing51)","LIVERIE_c(21946, DLC_LIV_51_SMITH_2013, BaseColour_c(106, 181, 0), S_SCHEME_DAYTONA, None, False, False, None, 0, None, False, None, False, 0)","DRIVERPIN_c(1733, S_XG_COUNTRY_USA, USA)","DRIVERINTERIORCONFIG_c(22321, 1, None, None)",DRIVERPORTRAIT_c(21855),True,AIRACEDRIVERPROFILE_c(3262),"RACESERIES_c(18306, S_SERIES_SPRINT_CUP, 18307, IMGSPRINTCUP2013.ARC, [], [], 2013, False, None)",2013_SMITHREGAN,129106177
DRIVERCONFIG_c,18317,,18317,0x1776D,18317,"DRIVER_c(1116, S_DRIVER_B_LABONTE, None, False, S_HT_C_CHRISTI, 128713992, True, Bobby_Labonte, 129106177, False, False)","DRIVERNUMBER_c(9685, W:\NAS2\Hud\2012\numbers\47_Labonte.tga, 47_BOBBYLABONTE)","RACETEAM_c(1326, S_TEAM_JTGDR, None, NASCAR47)","LIVERIE_c(18795, DLC_LIV_47_LABONTE_2013, BaseColour_c(106, 181, 0), S_SCHEME_DAYTONA, None, False, False, None, 0, None, False, None, False, 0)","DRIVERPIN_c(1733, S_XG_COUNTRY_USA, USA)","DRIVERINTERIORCONFIG_c(22330, 1, None, None)",DRIVERPORTRAIT_c(7414),True,AIRACEDRIVERPROFILE_c(3375),"RACESERIES_c(18306, S_SERIES_SPRINT_CUP, 18307, IMGSPRINTCUP2013.ARC, [], [], 2013, False, None)",2013_LABONTEBOBBY,129106177
DRIVERCONFIG_c,18318,,18318,0x177A0,18318,"DRIVER_c(1101, S_DRIVER_C_EDWARDS, None, False, S_HT_COLUMBIA, 129697807, True, , 131793153, True, False)","DRIVERNUMBER_c(9701, W:\NAS2\Hud\2012\numbers\99_Edwards.tga, 99_CARLEDWARDS)","RACETEAM_c(1331, S_TEAM_RFR, None, roushfenway)","LIVERIE_c(18810, DLC_LIV_99_EDWARDS_2013, BaseColour_c(106, 181, 0), S_SCHEME_DAYTONA, None, False, False, None, 0, None, False, None, False, 0)","DRIVERPIN_c(1733, S_XG_COUNTRY_USA, USA)","DRIVERINTERIORCONFIG_c(22337, 1, None, None)",DRIVERPORTRAIT_c(7411),True,AIRACEDRIVERPROFILE_c(3267),"RACESERIES_c(18306, S_SERIES_SPRINT_CUP, 18307, IMGSPRINTCUP2013.ARC, [], [], 2013, False, None)",2013_EDWARDS,129106177
DRIVERCONFIG_c,18319,,18319,0x177D3,18319,"DRIVER_c(1106, S_DRIVER_R_GORDON, None, False, S_HT_CORNELIUS, 129040642, True, RobbyGordon, 129106177, False, False)","DRIVERNUMBER_c(22350, W:\NAS2\Hud\2012\numbers\07_Gordon.tga, 07_GORDON)","RACETEAM_c(7486, S_TEAM_RGM, None, )","LIVERIE_c(18803, DLC_LIV_7_GORDON_2013, BaseColour_c(106, 181, 0), S_SCHEME_DAYTONA, None, False, False, None, 0, None, False, None, False, 0)","DRIVERPIN_c(1733, S_XG_COUNTRY_USA, USA)","DRIVERINTERIORCONFIG_c(22324, 1, None, None)",DRIVERPORTRAIT_c(22351),True,AIRACEDRIVERPROFILE_c(3234),"RACESERIES_c(18306, S_SERIES_SPRINT_CUP, 18307, IMGSPRINTCUP2013.ARC, [], [], 2013, False, None)",2013_GORDONROBBY,129106177
DRIVERCONFIG_c,18320,,18320,0x17806,18320,"DRIVER_c(1085, S_DRIVER_M_AMBROSE, None, False, S_HT_LAUNCESTON, 129501441, True, MarcosAmbrose, 129106177, True, False)","DRIVERNUMBER_c(9699, W:\NAS2\Hud\2012\numbers\9_Ambrose.tga, 9_MARCOSAMBROSE)","RACETEAM_c(1325, S_TEAM_RPM_01, None, RPMotorsports)","LIVERIE_c(18811, DLC_LIV_9_AMBROSE_2013, BaseColour_c(106, 181, 0), S_SCHEME_DAYTONA, None, False, False, None, 0, None, False, None, False, 0)","DRIVERPIN_c(1733, S_XG_COUNTRY_USA, USA)","DRIVERINTERIORCONFIG_c(22337, 1, None, None)",DRIVERPORTRAIT_c(7390),True,AIRACEDRIVERPROFILE_c(3256),"RACESERIES_c(18306, S_SERIES_SPRINT_CUP, 18307, IMGSPRINTCUP2013.ARC, [], [], 2013, False, None)",2013_AMBROSE,129106177
DRIVERCONFIG_c,18321,,18321,0x17839,18321,"DRIVER_c(1091, S_DRIVER_D_BLANEY, None, False, S_HT_HARTFORD, 128584216, True, BuckeyeBullet10, 129106177, False, False)","DRIVERNUMBER_c(22344, W:\NAS2\Hud\2012\numbers\7_blaney.tga, 7_BLANEY)","RACETEAM_c(1347, S_TEAM_TBR, None, TBR_Racing)","LIVERIE_c(18790, DLC_LIV_7_BLANEY_2013, BaseColour_c(106, 181, 0), S_SCHEME_DAYTONA, None, False, False, None, 0, None, False, None, False, 0)","DRIVERPIN_c(1733, S_XG_COUNTRY_USA, USA)","DRIVERINTERIORCONFIG_c(22332, 1, None, None)",DRIVERPORTRAIT_c(22345),True,AIRACEDRIVERPROFILE_c(3260),"RACESERIES_c(18306, S_SERIES_SPRINT_CUP, 18307, IMGSPRINTCUP2013.ARC, [], [], 2013, False, None)",2013_BLANEY,129106177
DRIVERCONFIG_c,18322,,18322,0x1786C,18322,"DRIVER_c(1121, S_DRIVER_J_MCMURRAY, None, False, S_HT_JOPLIN, 129500675, True, JamieMcMurray, 131727617, True, False)","DRIVERNUMBER_c(9672, W:\NAS2\Hud\2012\numbers\1_McMurray.tga, 1_JAMIEMCMURRAY)","RACETEAM_c(1349, S_TEAM_EGR, None, EGRTeams)","LIVERIE_c(18779, DLC_LIV_1_MCMURRAY_2013, BaseColour_c(106, 181, 0), S_SCHEME_DAYTONA, None, False, False, None, 0, None, False, None, False, 0)","DRIVERPIN_c(1733, S_XG_COUNTRY_USA, USA)","DRIVERINTERIORCONFIG_c(22326, 1, None, None)",DRIVERPORTRAIT_c(7397),True,AIRACEDRIVERPROFILE_c(3230),"RACESERIES_c(18306, S_SERIES_SPRINT_CUP, 18307, IMGSPRINTCUP2013.ARC, [], [], 2013, False, None)",2013_MCMURRAY,129106177
DRIVERCONFIG_c,18323,,18323,0x1789F,18323,"DRIVER_c(1090, S_DRIVER_G_BIFFLE, None, False, S_HT_VANCOUVER, 129043479, True, gbiffle, 131727617, True, False)","DRIVERNUMBER_c(9702, W:\NAS2\Hud\2012\numbers\16_Biffle.tga, 16_GREGBIFFLE)","RACETEAM_c(1331, S_TEAM_RFR, None, roushfenway)","LIVERIE_c(18776, DLC_LIV_16_BIFFLE_2013, BaseColour_c(106, 181, 0), S_SCHEME_DAYTONA, None, False, False, None, 0, None, False, None, False, 0)","DRIVERPIN_c(1733, S_XG_COUNTRY_USA, USA)","DRIVERINTERIORCONFIG_c(22337, 1, None, None)",DRIVERPORTRAIT_c(7403),True,AIRACEDRIVERPROFILE_c(3240),"RACESERIES_c(18306, S_SERIES_SPRINT_CUP, 18307, IMGSPRINTCUP2013.ARC, [], [], 2013, False, None)",2013_BIFFLE,129106177
DRIVERCONFIG_c,18324,,18324,0x178D2,18324,"DRIVER_c(1114, S_DRIVER_M_KENSETH, None, False, S_HT_CAMBRIGDGE, 129237770, True, mattkenseth, 131793153, True, False)","DRIVERNUMBER_c(21849, W:\nas2\Hud\2012\numbers\20_Kenseth.tga, 20_MATTKENSETH)","RACETEAM_c(1335, S_TEAM_JGR, None, joegibbsracing)","LIVERIE_c(21944, DLC_LIV_20_KENSETH_2013, BaseColour_c(106, 181, 0), S_SCHEME_DAYTONA, None, False, False, None, 0, None, False, None, False, 0)","DRIVERPIN_c(1733, S_XG_COUNTRY_USA, USA)","DRIVERINTERIORCONFIG_c(22337, 1, None, None)",DRIVERPORTRAIT_c(21850),True,AIRACEDRIVERPROFILE_c(3241),"RACESERIES_c(18306, S_SERIES_SPRINT_CUP, 18307, IMGSPRINTCUP2013.ARC, [], [], 2013, False, None)",2013_KENSETH,131268865
DRIVERCONFIG_c,18325,,18325,0x17905,18325,"DRIVER_c(1113, S_DRIVER_K_KAHNE, None, False, S_HT_ENUMCLAW, 129762314, True, kaseykahne, 131793153, True, False)","DRIVERNUMBER_c(9679, W:\NAS2\Hud\2012\numbers\5_Kahne.tga, 5_KASEYKAHNE)","RACETEAM_c(1340, S_TEAM_HM, None, TeamHendrick)","LIVERIE_c(18800, DLC_LIV_5_KAHNE_2013, BaseColour_c(106, 181, 0), S_SCHEME_DAYTONA, None, False, False, None, 0, None, False, None, False, 0)","DRIVERPIN_c(1733, S_XG_COUNTRY_USA, USA)","DRIVERINTERIORCONFIG_c(22320, 1, None, None)",DRIVERPORTRAIT_c(7393),True,AIRACEDRIVERPROFILE_c(3235),"RACESERIES_c(18306, S_SERIES_SPRINT_CUP, 18307, IMGSPRINTCUP2013.ARC, [], [], 2013, False, None)",2013_KAHNE,129106177
DRIVERCONFIG_c,18326,,18326,0x17938,18326,"DRIVER_c(1119, S_DRIVER_M_MARTIN, None, False, S_HT_BATESVILLE, 128385289, True, 55MarkMartin, 131662081, True, True)","DRIVERNUMBER_c(9687, W:\NAS2\Hud\2012\numbers\55_Martin.tga, 55_MARKMARTIN)","RACETEAM_c(1354, S_TEAM_MWR, None, MWRteam)","LIVERIE_c(18798, DLC_LIV_55_MARTIN_2013, BaseColour_c(106, 181, 0), S_SCHEME_DAYTONA, None, False, False, None, 0, None, False, None, False, 0)","DRIVERPIN_c(1733, S_XG_COUNTRY_USA, USA)","DRIVERINTERIORCONFIG_c(22330, 1, None, None)",DRIVERPORTRAIT_c(7388),True,AIRACEDRIVERPROFILE_c(3232),"RACESERIES_c(18306, S_SERIES_SPRINT_CUP, 18307, IMGSPRINTCUP2013.ARC, [], [], 2013, False, None)",2013_MARTIN,129106177
DRIVERCONFIG_c,18327,,18327,0x1796B,18327,"DRIVER_c(1109, S_DRIVER_S_HORNISH_JR, None, False, S_HT_BRYAN, 129697538, True, SamHornish, 129106177, False, False)","DRIVERNUMBER_c(12592, W:\nas2\Hud\2012\numbers\22_allmendinger.tga, 12_SAMHORNISHJR)","RACETEAM_c(1336, S_TEAM_PR_01, None, penskeracing)",None,"DRIVERPIN_c(1733, S_XG_COUNTRY_USA, USA)","DRIVERINTERIORCONFIG_c(22339, 1, None, None)",DRIVERPORTRAIT_c(14747),False,AIRACEDRIVERPROFILE_c(13107),"RACESERIES_c(18306, S_SERIES_SPRINT_CUP, 18307, IMGSPRINTCUP2013.ARC, [], [], 2013, False, None)",2013_HORNISHJR,129106177
DRIVERCONFIG_c,18328,,18328,0x1799E,18328,"DRIVER_c(1105, S_DRIVER_J_GORDON, None, False, S_HT_VALLEJO, 129173508, True, JeffGordonWeb, 131793153, True, True)","DRIVERNUMBER_c(9677, W:\NAS2\Hud\2012\numbers\24_Gordon.tga, 24_JEFFGORDON)","RACETEAM_c(1340, S_TEAM_HM, None, TeamHendrick)","LIVERIE_c(18782, DLC_LIV_24_GORDON_2013, BaseColour_c(106, 181, 0), S_SCHEME_DAYTONA, None, False, False, None, 0, None, False, None, False, 0)","DRIVERPIN_c(1733, S_XG_COUNTRY_USA, USA)","DRIVERINTERIORCONFIG_c(22320, 1, None, None)",DRIVERPORTRAIT_c(7401),True,AIRACEDRIVERPROFILE_c(3245),"RACESERIES_c(18306, S_SERIES_SPRINT_CUP, 18307, IMGSPRINTCUP2013.ARC, [], [], 2013, False, None)",2013_GORDONJEFF,129106177
DRIVERCONFIG_c,18329,,18329,0x179D1,18329,"DRIVER_c(1400, S_DRIVER_M_MCDOWELL, None, False, S_HT_GLENDALE, 130026517, True, Mc_Driver, 129106177, False, False)","DRIVERNUMBER_c(11443, W:\nas2\Hud\2012\numbers\98_McDowell.tga, 98_MCDOWELL)","RACETEAM_c(11444, S_TEAM_PARSONS, None, )","LIVERIE_c(18809, DLC_LIV_98_MCDOWELL_2013, BaseColour_c(106, 181, 0), S_SCHEME_DAYTONA, None, False, False, None, 0, None, False, None, False, 0)","DRIVERPIN_c(1733, S_XG_COUNTRY_USA, USA)","DRIVERINTERIORCONFIG_c(22324, 1, None, None)",DRIVERPORTRAIT_c(14746),True,AIRACEDRIVERPROFILE_c(3258),"RACESERIES_c(18306, S_SERIES_SPRINT_CUP, 18307, IMGSPRINTCUP2013.ARC, [], [], 2013, False, None)",2013_MCDOWELL,129106177
DRIVERCONFIG_c,18330,,18330,0x17A04,18330,"DRIVER_c(1104, S_DRIVER_D_GILLILAND, None, False, S_HT_RIVERSIDE, 129500161, True, DavidGilliland, 129106177, False, False)","DRIVERNUMBER_c(9675, W:\NAS2\Hud\2012\numbers\38_Gilliland.tga, 38_DAVIDGILLILAND)","RACETEAM_c(1327, S_TEAM_FRM, None, FrontRowNASCAR)","LIVERIE_c(18791, DLC_LIV_38_GILLILAND_2013, BaseColour_c(106, 181, 0), S_SCHEME_DAYTONA, None, False, False, None, 0, None, False, None, False, 0)","DRIVERPIN_c(1733, S_XG_COUNTRY_USA, USA)","DRIVERINTERIORCONFIG_c(22321, 1, None, None)",DRIVERPORTRAIT_c(7409),True,AIRACEDRIVERPROFILE_c(3252),"RACESERIES_c(18306, S_SERIES_SPRINT_CUP, 18307, IMGSPRINTCUP2013.ARC, [], [], 2013, False, None)",2013_GILLILAND,129106177
DRIVERCONFIG_c,18331,,18331,0x17A37,18331,"DRIVER_c(7174, S_DRIVER_J_WISE, None, False, S_STATE_CALIFORNIA, 129958407, True, Josh_Wise, 129106177, False, False)","DRIVERNUMBER_c(21941, W:\nas2\Hud\2012\numbers\35_Wise.tga, 35_JOSHWISE)","RACETEAM_c(1327, S_TEAM_FRM, None, FrontRowNASCAR)","LIVERIE_c(18783, DLC_LIV_26_WISE_2013, BaseColour_c(106, 181, 0), S_SCHEME_DAYTONA, None, False, False, None, 0, None, False, None, False, 0)","DRIVERPIN_c(1733, S_XG_COUNTRY_USA, USA)","DRIVERINTERIORCONFIG_c(22321, 1, None, None)",DRIVERPORTRAIT_c(21942),True,AIRACEDRIVERPROFILE_c(12392),"RACESERIES_c(18306, S_SERIES_SPRINT_CUP, 18307, IMGSPRINTCUP2013.ARC, [], [], 2013, False, None)",2013_WISE,129106177
DRIVERCONFIG_c,18332,,18332,0x17A6A,18332,"DRIVER_c(1137, S_DRIVER_D_STREMME, None, False, S_HT_SOUTH_BEND, 131072257, True, DavidStremme, 129106177, False, False)","DRIVERNUMBER_c(12626, W:\nas2\Hud\2012\numbers\30_Stremme.tga, 30_DAVIDSTREMME)","RACETEAM_c(21845, S_TEAM_SWAN_RACING, None, )","LIVERIE_c(18786, DLC_LIV_30_STREMME_2013, BaseColour_c(106, 181, 0), S_SCHEME_DAYTONA, None, False, False, None, 0, None, False, None, False, 0)","DRIVERPIN_c(1733, S_XG_COUNTRY_USA, USA)","DRIVERINTERIORCONFIG_c(22330, 1, None, None)",DRIVERPORTRAIT_c(21871),True,AIRACEDRIVERPROFILE_c(3228),"RACESERIES_c(18306, S_SERIES_SPRINT_CUP, 18307, IMGSPRINTCUP2013.ARC, [], [], 2013, False, None)",2013_STREMME,129106177
DRIVERCONFIG_c,18333,,18333,0x17A9D,18333,"DRIVER_c(1111, S_DRIVER_J_JOHNSON, None, False, S_HT_EL_CAJON, 129435921, True, JimmieJohnson, 131793153, True, True)","DRIVERNUMBER_c(9678, W:\NAS2\Hud\2012\numbers\48_Johnson.tga, 48_JIMMYJOHNSON)","RACETEAM_c(1340, S_TEAM_HM, None, TeamHendrick)","LIVERIE_c(18796, DLC_LIV_48_JOHNSON_2013, BaseColour_c(106, 181, 0), S_SCHEME_DAYTONA, None, False, False, None, 0, None, False, None, False, 0)","DRIVERPIN_c(1733, S_XG_COUNTRY_USA, USA)","DRIVERINTERIORCONFIG_c(22322, 1, None, None)",DRIVERPORTRAIT_c(7399),True,AIRACEDRIVERPROFILE_c(3257),"RACESERIES_c(18306, S_SERIES_SPRINT_CUP, 18307, IMGSPRINTCUP2013.ARC, [], [], 2013, False, None)",2013_JOHNSON,131727617
DRIVERCONFIG_c,18334,,18334,0x17AD0,18334,"DRIVER_c(1123, S_DRIVER_P_MENARD, None, False, S_HT_EAU_CLAIRE, 129763349, True, RCR27PMenard, 131793153, False, False)","DRIVERNUMBER_c(9696, W:\NAS2\Hud\2012\numbers\27_Menard.tga, 27_PAULMENARD)","RACETEAM_c(1333, S_TEAM_RCR, None, RCRracing)","LIVERIE_c(18784, DLC_LIV_27_MENARD_2013, BaseColour_c(106, 181, 0), S_SCHEME_DAYTONA, None, False, False, None, 0, None, False, None, False, 0)","DRIVERPIN_c(1733, S_XG_COUNTRY_USA, USA)","DRIVERINTERIORCONFIG_c(22327, 1, None, None)",DRIVERPORTRAIT_c(7385),True,AIRACEDRIVERPROFILE_c(3266),"RACESERIES_c(18306, S_SERIES_SPRINT_CUP, 18307, IMGSPRINTCUP2013.ARC, [], [], 2013, False, None)",2013_MENARD,129106177
DRIVERCONFIG_c,18335,,18335,0x17B03,18335,"DRIVER_c(2847, S_DRIVER_T_KVAPIL, None, False, S_HT_JANESVILLE, 129499905, True, TravisKvapil, 129106177, False, False)","DRIVERNUMBER_c(12630, W:\nas2\Hud\2012\numbers\93_Kvapil.tga, 93_KVAPIL)","RACETEAM_c(10518, S_TEAM_BKRACING, None, BKRacing8393)","LIVERIE_c(18807, DLC_LIV_93_KVAPIL_2013, BaseColour_c(106, 181, 0), S_SCHEME_DAYTONA, None, False, False, None, 0, None, False, None, False, 0)","DRIVERPIN_c(1733, S_XG_COUNTRY_USA, USA)","DRIVERINTERIORCONFIG_c(22324, 1, None, None)",DRIVERPORTRAIT_c(7379),True,AIRACEDRIVERPROFILE_c(3249),"RACESERIES_c(18306, S_SERIES_SPRINT_CUP, 18307, IMGSPRINTCUP2013.ARC, [], [], 2013, False, None)",2013_KVAPIL,129106177
DRIVERCONFIG_c,18336,,18336,0x17B36,18336,"DRIVER_c(5766, S_DRIVER_T_BAYNE, None, False, S_HT_KNOXVILLE, 130482707, True, tbayne21, 131793153, False, False)","DRIVERNUMBER_c(9710, W:\NAS2\Hud\2012\numbers\21_Bayne.tga, 21_TREVORBAYNE)","RACETEAM_c(1341, S_TEAM_WBR, None, woodbrothers21)","LIVERIE_c(18781, DLC_LIV_21_BAYNE_2013, BaseColour_c(106, 181, 0), S_SCHEME_DAYTONA, None, False, False, None, 0, None, False, None, False, 0)","DRIVERPIN_c(1733, S_XG_COUNTRY_USA, USA)","DRIVERINTERIORCONFIG_c(22337, 1, None, None)",DRIVERPORTRAIT_c(7381),True,AIRACEDRIVERPROFILE_c(6921),"RACESERIES_c(18306, S_SERIES_SPRINT_CUP, 18307, IMGSPRINTCUP2013.ARC, [], [], 2013, False, None)",2013_BAYNE,129106177
DRIVERCONFIG_c,18337,,18337,0x17B69,18337,"DRIVER_c(1136, S_DRIVER_T_STEWART, None, False, S_HT_COLUMBUS, 129172756, True, tonystewart, 131793153, True, True)","DRIVERNUMBER_c(21867, W:\nas2\Hud\2012\numbers\2013_14_Stewart.tga, 14_TONYSTEWART2013)","RACETEAM_c(1351, S_TEAM_SHR, None, StewartHaasRcng)","LIVERIE_c(18774, DLC_LIV_14_STEWART_2013, BaseColour_c(106, 181, 0), S_SCHEME_DAYTONA, None, False, False, None, 0, None, False, None, False, 0)","DRIVERPIN_c(1733, S_XG_COUNTRY_USA, USA)","DRIVERINTERIORCONFIG_c(22333, 1, None, None)",DRIVERPORTRAIT_c(21866),True,AIRACEDRIVERPROFILE_c(3239),"RACESERIES_c(18306, S_SERIES_SPRINT_CUP, 18307, IMGSPRINTCUP2013.ARC, [], [], 2013, False, None)",2013_STEWART,131793153
DRIVERCONFIG_c,18338,,18338,0x17B9C,18338,"DRIVER_c(1127, S_DRIVER_R_NEWMAN, None, False, S_HT_SOUTH_BEND, 129567752, True, RyanNewman39, 131793153, True, False)","DRIVERNUMBER_c(9707, W:\NAS2\Hud\2012\numbers\39_Newman.tga, 39_RYANNEWMAN)","RACETEAM_c(1351, S_TEAM_SHR, None, StewartHaasRcng)","LIVERIE_c(18792, DLC_LIV_39_NEWMAN_2013, BaseColour_c(106, 181, 0), S_SCHEME_DAYTONA, None, False, False, None, 0, None, False, None, False, 0)","DRIVERPIN_c(1733, S_XG_COUNTRY_USA, USA)","DRIVERINTERIORCONFIG_c(22341, 1, None, None)",DRIVERPORTRAIT_c(7383),True,AIRACEDRIVERPROFILE_c(3253),"RACESERIES_c(18306, S_SERIES_SPRINT_CUP, 18307, IMGSPRINTCUP2013.ARC, [], [], 2013, False, None)",2013_NEWMAN,129106177
DRIVERCONFIG_c,18339,,18339,0x17BCF,18339,"DRIVER_c(1094, S_DRIVER_J_BURTON, None, False, S_HT_SOUTH_BOSTON, 128910877, True, RCR31JeffBurton, 129106177, True, False)","DRIVERNUMBER_c(9694, W:\NAS2\Hud\2012\numbers\31_Burton.tga, 31_JEFFBURTON)","RACETEAM_c(1333, S_TEAM_RCR, None, RCRracing)","LIVERIE_c(18787, DLC_LIV_31_BURTON_2013, BaseColour_c(106, 181, 0), S_SCHEME_DAYTONA, None, False, False, None, 0, None, False, None, False, 0)","DRIVERPIN_c(1733, S_XG_COUNTRY_USA, USA)","DRIVERINTERIORCONFIG_c(22334, 1, None, None)",DRIVERPORTRAIT_c(7402),True,AIRACEDRIVERPROFILE_c(3247),"RACESERIES_c(18306, S_SERIES_SPRINT_CUP, 18307, IMGSPRINTCUP2013.ARC, [], [], 2013, False, None)",2013_BURTON,129106177
DRIVERCONFIG_c,18340,,18340,0x17C02,18340,"DRIVER_c(1108, S_DRIVER_K_HARVICK, None, False, S_HT_BAKERSFIELD, 129436680, True, RCR29KHarvick, 131793153, False, True)","DRIVERNUMBER_c(9695, W:\NAS2\Hud\2012\numbers\29_Harvick.tga, 29_KEVINHARVICK)","RACETEAM_c(1333, S_TEAM_RCR, None, RCRracing)","LIVERIE_c(18785, DLC_LIV_29_HARVICK_2013, BaseColour_c(106, 181, 0), S_SCHEME_DAYTONA, None, False, False, None, 0, None, False, None, False, 0)","DRIVERPIN_c(1733, S_XG_COUNTRY_USA, USA)","DRIVERINTERIORCONFIG_c(22327, 1, None, None)",DRIVERPORTRAIT_c(7394),True,AIRACEDRIVERPROFILE_c(3246),"RACESERIES_c(18306, S_SERIES_SPRINT_CUP, 18307, IMGSPRINTCUP2013.ARC, [], [], 2013, False, None)",2013_HARVICK,129106177
DRIVERCONFIG_c,18341,,18341,0x17C35,18341,"DRIVER_c(9663, S_DRIVER_A_DILLON, None, False, S_STATE_NORTH_CAROLINA, 130417691, True, austindillon3, 129106177, False, False)","DRIVERNUMBER_c(18296, W:\nas2\Hud\2012\numbers\33_Dillon.tga, 33_AUSTINDILLON)","RACETEAM_c(1333, S_TEAM_RCR, None, RCRracing)","LIVERIE_c(18788, DLC_LIV_33_DILLON_2013, BaseColour_c(106, 181, 0), S_SCHEME_DAYTONA, None, False, False, None, 0, None, False, None, False, 0)","DRIVERPIN_c(1733, S_XG_COUNTRY_USA, USA)","DRIVERINTERIORCONFIG_c(22330, 1, None, None)",DRIVERPORTRAIT_c(18295),True,AIRACEDRIVERPROFILE_c(3228),"RACESERIES_c(18306, S_SERIES_SPRINT_CUP, 18307, IMGSPRINTCUP2013.ARC, [], [], 2013, False, None)",2013_DILLON,129106177
DRIVERCONFIG_c,18342,,18342,0x17C68,18342,"DRIVER_c(5758, S_DRIVER_D_PATRICK, None, False, S_HT_BELOIT, 129893145, False, DanicaPatrick, 129106177, False, False)","DRIVERNUMBER_c(9705, W:\NAS2\Hud\2012\numbers\10_Patrick.tga, 10_DANICAPATRICK)","RACETEAM_c(1351, S_TEAM_SHR, None, StewartHaasRcng)","LIVERIE_c(18770, DLC_LIV_10_PATRICK_2013, BaseColour_c(106, 181, 0), S_SCHEME_DAYTONA, None, False, False, None, 0, None, False, None, False, 0)","DRIVERPIN_c(1733, S_XG_COUNTRY_USA, USA)","DRIVERINTERIORCONFIG_c(22319, 1, None, None)",DRIVERPORTRAIT_c(7407),True,AIRACEDRIVERPROFILE_c(6922),"RACESERIES_c(18306, S_SERIES_SPRINT_CUP, 18307, IMGSPRINTCUP2013.ARC, [], [], 2013, False, None)",2013_PATRICK,129106177
DRIVERCONFIG_c,18343,,18343,0x17C9B,18343,"DRIVER_c(1138, S_DRIVER_M_TRUEX_JR, None, False, S_HT_MAYETTA, 129762845, True, MartinTruexJr56, 129106177, True, False)","DRIVERNUMBER_c(9688, W:\NAS2\Hud\2012\numbers\56_Truex_Jr.tga, 56_MARTINTRUEXJR)","RACETEAM_c(1354, S_TEAM_MWR, None, MWRteam)","LIVERIE_c(18799, DLC_LIV_56_TRUEX_JR_2013, BaseColour_c(106, 181, 0), S_SCHEME_DAYTONA, None, False, False, None, 0, None, False, None, False, 0)","DRIVERPIN_c(1733, S_XG_COUNTRY_USA, USA)","DRIVERINTERIORCONFIG_c(22330, 1, None, None)",DRIVERPORTRAIT_c(7387),True,AIRACEDRIVERPROFILE_c(3259),"RACESERIES_c(18306, S_SERIES_SPRINT_CUP, 18307, IMGSPRINTCUP2013.ARC, [], [], 2013, False, None)",2013_TRUEXMARTIN,129106177
DRIVERCONFIG_c,18344,,18344,0x17CCE,18344,"DRIVER_c(1125, S_DRIVER_J_MONTOYA, None, False, S_HT_BOGOTA, 129435924, True, JPMontoya, 131727617, True, False)","DRIVERNUMBER_c(9673, W:\NAS2\Hud\2012\numbers\42_Montoya.tga, 42_JUANPABLOMONTOYA)","RACETEAM_c(1349, S_TEAM_EGR, None, EGRTeams)","LIVERIE_c(18793, DLC_LIV_42_MONTOYA_2013, BaseColour_c(106, 181, 0), S_SCHEME_DAYTONA, None, False, False, None, 0, None, False, None, False, 0)","DRIVERPIN_c(1733, S_XG_COUNTRY_USA, USA)","DRIVERINTERIORCONFIG_c(22342, 1, None, None)",DRIVERPORTRAIT_c(7396),True,AIRACEDRIVERPROFILE_c(3254),"RACESERIES_c(18306, S_SERIES_SPRINT_CUP, 18307, IMGSPRINTCUP2013.ARC, [], [], 2013, False, None)",2013_MONTOYA,129106177
DRIVERCONFIG_c,18345,,18345,0x17D01,18345,"DRIVER_c(1095, S_DRIVER_K_BUSCH_01, None, False, S_HT_LAS_VEGAS, 129632260, True, kurtbusch, 131793153, True, True)","DRIVERNUMBER_c(9676, W:\NAS2\Hud\2012\numbers\78_Smith.tga, 78_REGANSMITH)","RACETEAM_c(1355, S_TEAM_FRR, None, FR78Racing)","LIVERIE_c(21948, DLC_LIV_78_BUSCH_2013, BaseColour_c(106, 181, 0), S_SCHEME_DAYTONA, None, False, False, None, 0, None, False, None, False, 0)","DRIVERPIN_c(1733, S_XG_COUNTRY_USA, USA)","DRIVERINTERIORCONFIG_c(22324, 1, None, None)",DRIVERPORTRAIT_c(21851),True,AIRACEDRIVERPROFILE_c(3231),"RACESERIES_c(18306, S_SERIES_SPRINT_CUP, 18307, IMGSPRINTCUP2013.ARC, [], [], 2013, False, None)",2013_BUSCHKURT,131334401
DRIVERCONFIG_c,18346,,18346,0x17D34,18346,"DRIVER_c(1117, S_DRIVER_J_LOGANO, None, False, S_HT_MIDDLETOWN, 130417944, True, joeylogano, 129106177, True, False)","DRIVERNUMBER_c(22343, W:\NAS2\Hud\2012\numbers\22_Allmendinger.tga, 22_JOEYLOGANO)","RACETEAM_c(1336, S_TEAM_PR_01, None, penskeracing)","LIVERIE_c(21945, DLC_LIV_22_LOGANO_2013, BaseColour_c(106, 181, 0), S_SCHEME_DAYTONA, None, False, False, None, 0, None, False, None, False, 0)","DRIVERPIN_c(1733, S_XG_COUNTRY_USA, USA)","DRIVERINTERIORCONFIG_c(22331, 1, None, None)",DRIVERPORTRAIT_c(21844),True,AIRACEDRIVERPROFILE_c(3244),"RACESERIES_c(18306, S_SERIES_SPRINT_CUP, 18307, IMGSPRINTCUP2013.ARC, [], [], 2013, False, None)",2013_LOGANO,129106177
DRIVERCONFIG_c,18347,,18347,0x17D67,18347,"DRIVER_c(1107, S_DRIVER_D_HAMLIN, None, False, S_HT_CHESTERFIELD, 129764114, True, dennyhamlin, 131793153, False, True)","DRIVERNUMBER_c(9682, W:\NAS2\Hud\2012\numbers\11_Hamlin.tga, 11_DENNYHAMLIN)","RACETEAM_c(1335, S_TEAM_JGR, None, joegibbsracing)","LIVERIE_c(18771, DLC_LIV_11_HAMLIN_2013, BaseColour_c(106, 181, 0), S_SCHEME_DAYTONA, None, False, False, None, 0, None, False, None, False, 0)","DRIVERPIN_c(1733, S_XG_COUNTRY_USA, USA)","DRIVERINTERIORCONFIG_c(22340, 1, None, None)",DRIVERPORTRAIT_c(7408),True,AIRACEDRIVERPROFILE_c(3236),"RACESERIES_c(18306, S_SERIES_SPRINT_CUP, 18307, IMGSPRINTCUP2013.ARC, [], [], 2013, False, None)",2013_HAMLIN,129106177
DRIVERCONFIG_c,18348,,18348,0x17D9A,18348,"DRIVER_c(1124, S_DRIVER_C_MEARS, None, False, S_HT_BAKERSFIELD, 129630988, True, CaseyMears13, 129106177, False, False)","DRIVERNUMBER_c(9711, W:\nas2\Hud\2012\numbers\13_Mears.tga, 13_CASEYMEARS)","RACETEAM_c(1352, S_TEAM_GR, None, GermainRacing)","LIVERIE_c(18773, DLC_LIV_13_MEARS_2013, BaseColour_c(106, 181, 0), S_SCHEME_DAYTONA, None, False, False, None, 0, None, False, None, False, 0)","DRIVERPIN_c(1733, S_XG_COUNTRY_USA, USA)","DRIVERINTERIORCONFIG_c(22330, 1, None, None)",DRIVERPORTRAIT_c(14613),True,AIRACEDRIVERPROFILE_c(3365),"RACESERIES_c(18306, S_SERIES_SPRINT_CUP, 18307, IMGSPRINTCUP2013.ARC, [], [], 2013, False, None)",2013_MEARS,129106177
DRIVERCONFIG_c,18349,,18349,0x17DCD,18349,"DRIVER_c(1100, S_DRIVER_D_EARNHARDT_JR, None, False, S_HT_KANNAPOLIS, 129370634, True, , 129106177, True, True)","DRIVERNUMBER_c(9681, W:\NAS2\Hud\2012\numbers\88_Earnhardt_Jr.tga, 88_DALEEARNHARDTJR)","RACETEAM_c(1340, S_TEAM_HM, None, TeamHendrick)","LIVERIE_c(18806, DLC_LIV_88_EARNHARDT_JR_2013, BaseColour_c(106, 181, 0), S_SCHEME_DAYTONA, None, False, False, None, 0, None, False, None, False, 0)","DRIVERPIN_c(1733, S_XG_COUNTRY_USA, USA)","DRIVERINTERIORCONFIG_c(22315, 1, None, None)",DRIVERPORTRAIT_c(7410),True,AIRACEDRIVERPROFILE_c(3265),"RACESERIES_c(18306, S_SERIES_SPRINT_CUP, 18307, IMGSPRINTCUP2013.ARC, [], [], 2013, False, None)",2013_EARNHARDT,129106177
DRIVERCONFIG_c,18350,,18350,0x17E00,18350,"DRIVER_c(1129, S_DRIVER_D_RAGAN, None, False, S_HT_UNADILLA, 130092056, True, DavidRagan, 131793153, True, False)","DRIVERNUMBER_c(9674, W:\NAS2\Hud\2012\numbers\34_Ragan.tga, 34_DAVIDRAGAN)","RACETEAM_c(1327, S_TEAM_FRM, None, FrontRowNASCAR)","LIVERIE_c(18789, DLC_LIV_34_RAGAN_2013, BaseColour_c(106, 181, 0), S_SCHEME_DAYTONA, None, False, False, None, 0, None, False, None, False, 0)","DRIVERPIN_c(1733, S_XG_COUNTRY_USA, USA)","DRIVERINTERIORCONFIG_c(22321, 1, None, None)",DRIVERPORTRAIT_c(7406),True,AIRACEDRIVERPROFILE_c(3233),"RACESERIES_c(18306, S_SERIES_SPRINT_CUP, 18307, IMGSPRINTCUP2013.ARC, [], [], 2013, False, None)",2013_RAGAN,129106177
DRIVERCONFIG_c,21847,,21847,0x17E33,21847,"DRIVER_c(21846, S_DRIVER_T_PASTRANA, None, False, S_BLANK, 129960712, True, , 129106177, False, False)","DRIVERNUMBER_c(9704, W:\nas2\Hud\2012\numbers\6_Stenhouse_Jr.tga, 6_RICKYSTENHOUSEJR)","RACETEAM_c(1331, S_TEAM_RFR, None, roushfenway)","LIVERIE_c(21947, DLC_LIV_6_PASTRANA_2013, BaseColour_c(106, 181, 0), S_SCHEME_DAYTONA, None, False, False, None, 0, None, False, None, False, 0)","DRIVERPIN_c(1733, S_XG_COUNTRY_USA, USA)","DRIVERINTERIORCONFIG_c(22337, 1, None, None)",DRIVERPORTRAIT_c(21859),True,AIRACEDRIVERPROFILE_c(12391),"RACESERIES_c(18306, S_SERIES_SPRINT_CUP, 18307, IMGSPRINTCUP2013.ARC, [], [], 2013, False, None)",2013_PASTRANA,129106177
DRIVERCONFIG_c,21873,,21873,0x17E66,21873,"DRIVER_c(1131, S_DRIVER_D_REUTIMANN, None, False, S_HT_ZEPHYRHILLS, 129106690, True, , 131727617, True, False)","DRIVERNUMBER_c(11440, W:\nas2\Hud\2012\numbers\83_Cassill.tga, 83_CASSILL)","RACETEAM_c(10518, S_TEAM_BKRACING, None, BKRacing8393)","LIVERIE_c(21949, DLC_LIV_83_REUTIMANN_2013, BaseColour_c(106, 181, 0), S_SCHEME_DAYTONA, None, False, False, None, 0, None, False, None, False, 0)","DRIVERPIN_c(1733, S_XG_COUNTRY_USA, USA)","DRIVERINTERIORCONFIG_c(22324, 1, None, None)",DRIVERPORTRAIT_c(21872),True,AIRACEDRIVERPROFILE_c(3356),"RACESERIES_c(18306, S_SERIES_SPRINT_CUP, 18307, IMGSPRINTCUP2013.ARC, [], [], 2013, False, None)",2013_REUTIMANN,129106177
DRIVERCONFIG_c,22361,,22361,0x17E99,22361,"DRIVER_c(2491, S_DEFAULT_PLAYER_NAME, None, True, S_HT_PHOENIX, 129762588, True, , 129106177, False, False)","DRIVERNUMBER_c(2493, W:\nas2\Hud\NEW\numbers\53-CHEVROLET_01.tga, 35_CUSTOMGENERIC)","RACETEAM_c(2495, S_DEFAULT_TEAM_NAME, None, )","LIVERIE_c(12602, TELEMETRYCHEVROLET, BaseColour_c(0, 0, 180), S_LIV_PRIMARY, None, False, False, None, 0, None, False, None, False, 0)","DRIVERPIN_c(1733, S_XG_COUNTRY_USA, USA)","DRIVERINTERIORCONFIG_c(22330, 1, None, None)",DRIVERPORTRAIT_c(7485),True,AIRACEDRIVERPROFILE_c(3228),"RACESERIES_c(18306, S_SERIES_SPRINT_CUP, 18307, IMGSPRINTCUP2013.ARC, [], [], 2013, False, None)",CUSTOMGENERIC2013,129106177
DRIVERCONFIG_c,22362,,22362,0x17ECC,22362,None,None,None,None,"DRIVERPIN_c(1733, S_XG_COUNTRY_USA, USA)",None,None,False,AIRACEDRIVERPROFILE_c(3228),"RACESERIES_c(18306, S_SERIES_SPRINT_CUP, 18307, IMGSPRINTCUP2013.ARC, [], [], 2013, False, None)",CUSTOMGENERICFEMALE2013,129106177
